face_local_index,x_over_c,y_over_c,surface,Cp
0,0.204604,-0.02713335,lower,0.52471014
1,0.202394,-0.02722195,lower,0.52669672
2,0.20018400000000003,-0.0273092,lower,0.52876894
3,0.19797399999999998,-0.027395049999999997,lower,0.53093553
4,0.1957645,-0.0274794,lower,0.5331894
5,0.1935555,-0.027562200000000002,lower,0.53550923
6,0.1913465,-0.0276434,lower,0.53790509
7,0.1891385,-0.0277229,lower,0.54035231
8,0.1869325,-0.02780065,lower,0.54284968
9,0.184728,-0.0278766,lower,0.54538956
10,0.182525,-0.02795065,lower,0.54798587
11,0.18032399999999998,-0.0280228,lower,0.55060575
12,0.1781255,-0.02809295,lower,0.55329381
13,0.17592999999999998,-0.028161,lower,0.55600923
14,0.17373699999999997,-0.0282269,lower,0.55878528
15,0.171547,-0.0282906,lower,0.56160948
16,0.1693605,-0.02835205,lower,0.56447462
17,0.1671775,-0.02841115,lower,0.56740068
18,0.1649985,-0.02846785,lower,0.5703782
19,0.162824,-0.028522099999999998,lower,0.57339851
20,0.160654,-0.028573750000000002,lower,0.57649698
21,0.15848849999999998,-0.0286228,lower,0.57964262
22,0.156328,-0.0286692,lower,0.58285266
23,0.1541725,-0.028712849999999998,lower,0.58611258
24,0.1520225,-0.0287537,lower,0.58945013
25,0.149878,-0.028791650000000002,lower,0.59284053
26,0.1477395,-0.028826650000000002,lower,0.59630951
27,0.1456075,-0.028858650000000003,lower,0.59982866
28,0.143482,-0.028887549999999998,lower,0.60343543
29,0.14136349999999998,-0.02891325,lower,0.60709984
30,0.139252,-0.02893575,lower,0.61084349
31,0.13714749999999998,-0.028955,lower,0.61465689
32,0.13505050000000002,-0.02897085,lower,0.61855007
33,0.132961,-0.028983250000000002,lower,0.62251386
34,0.1308795,-0.0289922,lower,0.62655569
35,0.1288065,-0.028997600000000002,lower,0.63067275
36,0.126742,-0.02899935,lower,0.63487922
37,0.12468649999999999,-0.0289974,lower,0.63916131
38,0.12264,-0.02899165,lower,0.64354293
39,0.1206025,-0.028982050000000002,lower,0.64799017
40,0.1185745,-0.0289686,lower,0.65254054
41,0.11655650000000001,-0.0289512,lower,0.657158
42,0.1145485,-0.028929749999999997,lower,0.66188655
43,0.1125505,-0.028904199999999998,lower,0.66669012
44,0.110563,-0.0288745,lower,0.67159611
45,0.1085865,-0.02884055,lower,0.67659142
46,0.106621,-0.028802300000000003,lower,0.68168841
47,0.1046665,-0.0287597,lower,0.68688077
48,0.1027235,-0.02871265,lower,0.69216656
49,0.1007922,-0.028661150000000003,lower,0.69755404
50,0.09887275000000001,-0.0286051,lower,0.70304348
51,0.09696550000000001,-0.0285444,lower,0.70863616
52,0.0950706,-0.02847905,lower,0.71432524
53,0.0931884,-0.028409,lower,0.720116
54,0.09131905,-0.028334150000000002,lower,0.72601771
55,0.08946275000000001,-0.0282544,lower,0.7320185
56,0.08761975,-0.02816975,lower,0.73813278
57,0.0857903,-0.02808015,lower,0.74433948
58,0.08397465,-0.027985500000000003,lower,0.75066482
59,0.082173,-0.02788575,lower,0.75709192
60,0.08038555,-0.0277809,lower,0.76361227
61,0.07861255,-0.027670800000000002,lower,0.77026164
62,0.0768542,-0.0275554,lower,0.77699739
63,0.07511075,-0.02743475,lower,0.78384243
64,0.0733824,-0.027308699999999998,lower,0.79078662
65,0.07166934999999999,-0.0271772,lower,0.7978386
66,0.06997185,-0.027040250000000002,lower,0.80498299
67,0.06829004999999999,-0.026897749999999998,lower,0.81222098
68,0.0666242,-0.02674965,lower,0.81955732
69,0.06497454999999999,-0.02659595,lower,0.82697371
70,0.06334129999999999,-0.026436550000000003,lower,0.83447868
71,0.0617246,-0.0262714,lower,0.84206196
72,0.06012465,-0.0261005,lower,0.84971177
73,0.05854175,-0.025923750000000002,lower,0.85744256
74,0.05697605,-0.02574105,lower,0.86521957
75,0.055427649999999995,-0.025552449999999997,lower,0.873053
76,0.05389685,-0.0253579,lower,0.88092043
77,0.0523839,-0.0251573,lower,0.8888186
78,0.0508889,-0.024950650000000005,lower,0.89672551
79,0.04941205,-0.0247379,lower,0.90463751
80,0.04795355,-0.024519,lower,0.91253164
81,0.046513599999999995,-0.0242939,lower,0.92038507
82,0.045092400000000005,-0.024062550000000002,lower,0.928192
83,0.0436901,-0.0238249,lower,0.93591689
84,0.04230685,-0.02358095,lower,0.9435296
85,0.0409429,-0.0233307,lower,0.95100631
86,0.03959845,-0.02307405,lower,0.95832107
87,0.038273600000000005,-0.02281095,lower,0.96542773
88,0.03696855,-0.022541400000000003,lower,0.97228453
89,0.03568345,-0.022265350000000003,lower,0.97885413
90,0.0344185,-0.021982750000000002,lower,0.98508258
91,0.0331739,-0.02169355,lower,0.99090889
92,0.03194975,-0.0213978,lower,0.9962672
93,0.030746250000000003,-0.02109545,lower,1.0010948
94,0.02956355,-0.0207864,lower,1.0053088
95,0.02840175,-0.02047065,lower,1.0088241
96,0.027261050000000002,-0.020148199999999998,lower,1.0115409
97,0.026141650000000002,-0.01981905,lower,1.0133545
98,0.02504365,-0.019483100000000003,lower,1.0141471
99,0.0239672,-0.01914035,lower,1.0137836
100,0.02291245,-0.0187908,lower,1.0121164
101,0.021879550000000005,-0.018434350000000002,lower,1.0089831
102,0.020868650000000002,-0.018071049999999998,lower,1.0042084
103,0.019879849999999998,-0.0177009,lower,0.99758951
104,0.0189133,-0.017323850000000002,lower,0.98890569
105,0.01796915,-0.01693985,lower,0.97791493
106,0.0170475,-0.0165489,lower,0.96436969
107,0.0161485,-0.016151,lower,0.94796916
108,0.015272299999999999,-0.0157461,lower,0.92839422
109,0.01441895,-0.0153342,lower,0.90530347
110,0.0135886,-0.0149153,lower,0.87833882
111,0.0127814,-0.0144894,lower,0.8471006
112,0.0119974,-0.01405645,lower,0.81113306
113,0.01123675,-0.01361645,lower,0.76997341
114,0.01049955,-0.013169400000000001,lower,0.72315206
115,0.0097859,-0.01271525,lower,0.67016285
116,0.009095935,-0.012254000000000001,lower,0.61045149
117,0.00842971,-0.0117857,lower,0.54353146
118,0.007787334999999999,-0.0113103,lower,0.46873216
119,0.007168905,-0.0108278,lower,0.38558308
120,0.00657451,-0.010338199999999999,lower,0.29352625
121,0.00600423,-0.009841465,lower,0.19204567
122,0.00545815,-0.00933763,lower,0.080743993
123,0.004936355,-0.00882668,lower,-0.040837486
124,0.00443892,-0.008308615,lower,-0.1729606
125,0.0039659199999999995,-0.007783430000000001,lower,-0.31577379
126,0.00351743,-0.0072511350000000006,lower,-0.46930827
127,0.00309351,-0.006711725,lower,-0.63354059
128,0.0026942299999999997,-0.006165205,lower,-0.80754356
129,0.002319655,-0.00561158,lower,-0.99189164
130,0.00196984,-0.005050855,lower,-1.1847346
131,0.0016448399999999998,-0.004483035,lower,-1.3855213
132,0.0013447049999999999,-0.003908125,lower,-1.593044
133,0.001069491,-0.003326135,lower,-1.8059193
134,0.0008192445,-0.0027370750000000003,lower,-2.0224958
135,0.000594004,-0.00214096,lower,-2.241334
136,0.0003938115,-0.001537795,lower,-2.4607696
137,0.000218703,-0.0009275919999999999,lower,-2.6793577
138,6.8712e-05,-0.000310367,lower,-2.8959549
139,-5.59415e-05,0.000312921,upper,-3.109783
140,-0.0001548525,0.0009403610000000001,upper,-3.3203779
141,-0.00022780750000000002,0.00157099,upper,-3.5240214
142,-0.00027478599999999995,0.00220479,upper,-3.7176016
143,-0.000295771,0.00284174,upper,-3.8992204
144,-0.000290749,0.00348181,upper,-4.0672767
145,-0.0002597095,0.004124975,upper,-4.2206125
146,-0.000202645,0.00477121,upper,-4.3580879
147,-0.0001195523,0.00542048,upper,-4.4795149
148,-1.0430500000000001e-05,0.00607275,upper,-4.5841782
149,0.0001247178,0.00672799,upper,-4.6724332
150,0.000285886,0.007386165,upper,-4.7464108
151,0.0004730645,0.00804723,upper,-4.8042166
152,0.0006862405,0.008711145,upper,-4.8474132
153,0.000925398,0.009377864999999999,upper,-4.8776456
154,0.00119052,0.01004736,upper,-4.8957656
155,0.0014815800000000001,0.01071955,upper,-4.9027887
156,0.0017985499999999999,0.011394399999999999,upper,-4.8998756
157,0.0021414,0.01207185,upper,-4.8881997
158,0.0025101,0.012751849999999999,upper,-4.869046
159,0.00290462,0.013434350000000001,upper,-4.843231
160,0.00332491,0.014119300000000001,upper,-4.8119838
161,0.0037709299999999996,0.014806650000000001,upper,-4.7763756
162,0.004242635,0.015496300000000001,upper,-4.7370474
163,0.00473997,0.0161882,upper,-4.6949724
164,0.00526289,0.0168823,upper,-4.6512045
165,0.00581133,0.0175785,upper,-4.6060433
166,0.0063852349999999995,0.01827675,upper,-4.5607518
167,0.006984545,0.018977,upper,-4.515652
168,0.00760918,0.01967915,upper,-4.4714762
169,0.00825908,0.0203831,upper,-4.4248935
170,0.008934174999999999,0.0210888,upper,-4.3656992
171,0.00963438,0.0217962,upper,-4.287009
172,0.010359625,0.0225052,upper,-4.2020829
173,0.0111098,0.0232157,upper,-4.1259056
174,0.011884850000000002,0.02392765,upper,-4.0593419
175,0.01268465,0.024640950000000002,upper,-3.9987676
176,0.013509150000000001,0.02535545,upper,-3.941419
177,0.01435825,0.02607115,upper,-3.8873864
178,0.0152318,0.02678795,upper,-3.8350531
179,0.0161297,0.027505750000000002,upper,-3.7843207
180,0.017051900000000002,0.028224449999999998,upper,-3.7353737
181,0.017998300000000002,0.0289439,upper,-3.687418
182,0.01896865,0.029664100000000002,upper,-3.6401313
183,0.01996295,0.03038495,upper,-3.5947308
184,0.020981100000000003,0.031106299999999996,upper,-3.5500511
185,0.0220229,0.03182805,upper,-3.5063514
186,0.023088249999999998,0.03255015,upper,-3.4633579
187,0.02417705,0.033272499999999997,upper,-3.4219601
188,0.025289150000000003,0.03399495,upper,-3.3815089
189,0.0264244,0.03471745,upper,-3.3413571
190,0.02758265,0.035439849999999995,upper,-3.3028181
191,0.02876375,0.0361621,upper,-3.265104
192,0.0299676,0.0368841,upper,-3.2284714
193,0.031194,0.037605650000000004,upper,-3.1924029
194,0.0324428,0.03832675,upper,-3.1574623
195,0.0337139,0.0390473,upper,-3.1234704
196,0.0350071,0.0397671,upper,-3.0903456
197,0.03632225,0.0404861,upper,-3.0577249
198,0.037659200000000004,0.041204199999999996,upper,-3.0261994
199,0.0390177,0.04192130000000001,upper,-2.9954295
200,0.04039765,0.0426373,upper,-2.965377
201,0.0417989,0.04335205,upper,-2.9361314
202,0.04322115,0.0440655,upper,-2.9077414
203,0.0446643,0.0447775,upper,-2.879917
204,0.046128249999999996,0.045487950000000006,upper,-2.8526934
205,0.0476127,0.04619675000000001,upper,-2.8261903
206,0.04911745000000001,0.04690375,upper,-2.8003208
207,0.05064235,0.04760895,upper,-2.7751405
208,0.0521872,0.04831215,upper,-2.7505484
209,0.0537518,0.049013249999999994,upper,-2.7264599
210,0.055335949999999995,0.0497122,upper,-2.7030081
211,0.05693945,0.05040885,upper,-2.6799315
212,0.0585621,0.05110315,upper,-2.6575774
213,0.06020365,0.05179494999999999,upper,-2.6357049
214,0.06186385,0.0524841,upper,-2.6142884
215,0.0635426,0.05317055,upper,-2.5933846
216,0.06523965000000001,0.053854200000000005,upper,-2.5728464
217,0.0669547,0.0545349,upper,-2.5526979
218,0.06868755,0.0552126,upper,-2.5330749
219,0.07043805,0.05588725,upper,-2.5138743
220,0.07220589999999999,0.0565587,upper,-2.4951396
221,0.07399085,0.057226799999999994,upper,-2.4767002
222,0.07579274999999999,0.05789145,upper,-2.4586673
223,0.0776113,0.058552599999999996,upper,-2.4409237
224,0.07944625,0.0592102,upper,-2.4235599
225,0.08129739999999999,0.0598641,upper,-2.4066443
226,0.0831645,0.06051415,upper,-2.3899296
227,0.08504724999999999,0.0611603,upper,-2.3734429
228,0.08694545000000001,0.061802499999999996,upper,-2.3574329
229,0.08885885,0.06244065,upper,-2.3416266
230,0.09078715,0.06307465000000001,upper,-2.3261859
231,0.09273015000000001,0.0637044,upper,-2.3109236
232,0.09468755000000001,0.06432979999999999,upper,-2.2959968
233,0.0966591,0.0649508,upper,-2.2812706
234,0.09864455,0.0655673,upper,-2.2668228
235,0.10064334999999999,0.0661792,upper,-2.252751
236,0.102656,0.06678645,upper,-2.238722
237,0.104682,0.06738895,upper,-2.2246764
238,0.10672000000000001,0.06798660000000001,upper,-2.2114054
239,0.10877049999999999,0.0685794,upper,-2.1979638
240,0.1108335,0.0691672,upper,-2.1850556
241,0.1129085,0.06974995,upper,-2.171997
242,0.1149955,0.07032759999999999,upper,-2.1594048
243,0.117094,0.07090004999999999,upper,-2.1466153
244,0.11920349999999999,0.07146725,upper,-2.134299
245,0.121324,0.0720291,upper,-2.1220377
246,0.12345500000000001,0.0725856,upper,-2.1098668
247,0.12559599999999999,0.07313665,upper,-2.098222
248,0.127747,0.0736822,upper,-2.0862629
249,0.1299075,0.07422215,upper,-2.0749924
250,0.13207750000000001,0.0747565,upper,-2.0634853
251,0.13425700000000002,0.0752852,upper,-2.0521679
252,0.1364455,0.0758081,upper,-2.041024
253,0.1386425,0.07632525,upper,-2.0298456
254,0.14084750000000001,0.0768366,upper,-2.0190662
255,0.14306049999999998,0.07734205,upper,-2.0082722
256,0.145281,0.07784155000000001,upper,-1.997621
257,0.1475085,0.07833509999999999,upper,-1.9871103
258,0.1497435,0.07882265,upper,-1.9767139
259,0.1519855,0.07930414999999999,upper,-1.9663727
260,0.1542335,0.0797796,upper,-1.9561952
261,0.1564875,0.0802489,upper,-1.9460499
262,0.15874749999999999,0.08071205000000001,upper,-1.9362016
263,0.16101300000000002,0.08116904999999999,upper,-1.9262005
264,0.16328350000000003,0.08161985,upper,-1.9164009
265,0.165559,0.08206440000000001,upper,-1.9068599
266,0.1678395,0.0825027,upper,-1.8971479
267,0.170124,0.0829347,upper,-1.8876314
268,0.17241250000000002,0.0833604,upper,-1.8781447
269,0.174705,0.08377980000000002,upper,-1.8688717
270,0.1770005,0.08419285,upper,-1.8594428
271,0.179299,0.08459955,upper,-1.8503713
272,0.18159999999999998,0.08499989999999999,upper,-1.8412016
273,0.1839035,0.0853939,upper,-1.8321832
274,0.1862095,0.0857815,upper,-1.8232611
275,0.188517,0.08616275,upper,-1.8143106
276,0.1908255,0.08653759999999999,upper,-1.80543
277,0.19313550000000002,0.08690605000000001,upper,-1.7970225
278,0.195659,0.08730080000000001,upper,-1.7868232
279,0.19839600000000002,0.08772055000000001,upper,-1.777223
280,0.20113399999999998,0.08813145,upper,-1.7668529
281,0.2038725,0.0885336,upper,-1.7569351
282,0.20661200000000002,0.08892710000000001,upper,-1.746971
283,0.2093525,0.089312,upper,-1.7370623
284,0.2120935,0.0896884,upper,-1.7272087
285,0.214835,0.09005635000000001,upper,-1.7175716
286,0.217578,0.0904159,upper,-1.7079948
287,0.2203215,0.09076709999999999,upper,-1.6980953
288,0.2230655,0.09111005,upper,-1.6888235
289,0.2258105,0.09144485000000001,upper,-1.6791459
290,0.228556,0.09177145,upper,-1.6698317
291,0.231302,0.09209,upper,-1.6603678
292,0.2340485,0.09240055,upper,-1.6511054
293,0.236796,0.09270310000000001,upper,-1.6418559
294,0.23954399999999998,0.09299779999999999,upper,-1.6325316
295,0.2422925,0.09328465,upper,-1.6234444
296,0.2450415,0.0935637,upper,-1.6142213
297,0.24779099999999998,0.093835,upper,-1.6052018
298,0.250541,0.0940986,upper,-1.5960285
299,0.2532915,0.0943546,upper,-1.5870606
300,0.25604249999999995,0.09460299999999999,upper,-1.5780249
301,0.25879399999999997,0.0948438,upper,-1.5690613
302,0.261546,0.0950771,upper,-1.560058
303,0.26429800000000003,0.095303,upper,-1.5511302
304,0.2670505,0.09552150000000001,upper,-1.5423435
305,0.2698035,0.09573265,upper,-1.5333858
306,0.2725565,0.0959365,upper,-1.5246195
307,0.27531,0.09613305,upper,-1.5158515
308,0.278064,0.09632235,upper,-1.5070244
309,0.280818,0.09650445000000002,upper,-1.4982493
310,0.2835725,0.0966794,upper,-1.4895118
311,0.286327,0.09684725,upper,-1.480706
312,0.2890815,0.09700805,upper,-1.4720451
313,0.291837,0.09716185,upper,-1.4633514
314,0.29459250000000003,0.09730865,upper,-1.4545726
315,0.297348,0.09744844999999999,upper,-1.4459622
316,0.30010349999999997,0.0975813,upper,-1.4372036
317,0.302859,0.0977073,upper,-1.4285782
318,0.30561499999999997,0.0978265,upper,-1.4199017
319,0.3083715,0.09793885,upper,-1.4112876
320,0.311128,0.0980444,upper,-1.402555
321,0.313884,0.0981432,upper,-1.3939874
322,0.3166405,0.0982353,upper,-1.3853051
323,0.319397,0.09832074999999998,upper,-1.3766758
324,0.3221535,0.0983995,upper,-1.3680623
325,0.3249105,0.09847165,upper,-1.3593823
326,0.327667,0.09853724999999999,upper,-1.3507387
327,0.3304235,0.09859625,upper,-1.3420926
328,0.3331805,0.0986487,upper,-1.3334167
329,0.335937,0.09869470000000001,upper,-1.3247196
330,0.3386935,0.09873425,upper,-1.3160563
331,0.34145,0.09876735,upper,-1.3073599
332,0.34420649999999997,0.09879399999999999,upper,-1.2986724
333,0.3469635,0.09881424999999999,upper,-1.289898
334,0.34972,0.0988282,upper,-1.2811961
335,0.352476,0.09883585,upper,-1.2724388
336,0.355232,0.09883715,upper,-1.2636759
337,0.35798849999999993,0.0988322,upper,-1.2548971
338,0.360745,0.09882099999999999,upper,-1.2460727
339,0.3635005,0.09880355,upper,-1.2372393
340,0.366256,0.09877995,upper,-1.2283914
341,0.369012,0.09875015,upper,-1.2194529
342,0.37176750000000003,0.09871419999999999,upper,-1.2105389
343,0.3745225,0.09867215000000001,upper,-1.2015588
344,0.377278,0.098624,upper,-1.1924984
345,0.38003299999999995,0.09856975000000001,upper,-1.1834821
346,0.3827875,0.09850945,upper,-1.1742857
347,0.3855425,0.09844315000000001,upper,-1.1651469
348,0.388297,0.09837085,upper,-1.155898
349,0.39105100000000004,0.09829260000000001,upper,-1.1465764
350,0.39380499999999996,0.09820835,upper,-1.1371926
351,0.3965585,0.09811814999999999,upper,-1.1276927
352,0.3993065,0.0980221,upper,-1.1181524
353,0.4020325,0.0979209,upper,-1.1083274
354,0.404742,0.09781565,upper,-1.0980719
355,0.407452,0.0977066,upper,-1.0887784
356,0.410162,0.09759375,upper,-1.0795566
357,0.41287149999999995,0.09747719999999999,upper,-1.0705163
358,0.4155805,0.09735695,upper,-1.0616381
359,0.41829,0.097233,upper,-1.0528886
360,0.42099949999999997,0.09710534999999999,upper,-1.0443308
361,0.42370850000000004,0.09697405,upper,-1.0358194
362,0.426417,0.0968391,upper,-1.0274577
363,0.42912549999999994,0.0967005,upper,-1.0191578
364,0.431834,0.0965583,upper,-1.0109792
365,0.434542,0.09641250000000001,upper,-1.0029029
366,0.4372505,0.09626314999999999,upper,-0.99482631
367,0.43995850000000003,0.0961103,upper,-0.98699662
368,0.442666,0.0959539,upper,-0.9790784
369,0.44537400000000005,0.0957939,upper,-0.9713184
370,0.4480815,0.0956304,upper,-0.96359191
371,0.4507885,0.0954635,upper,-0.95592258
372,0.4534955,0.09529309999999999,upper,-0.94832098
373,0.4562025,0.09511925,upper,-0.94078356
374,0.4589095,0.09494195,upper,-0.93328516
375,0.461616,0.0947612,upper,-0.92585671
376,0.464322,0.0945771,upper,-0.91843182
377,0.467028,0.0943896,upper,-0.91109218
378,0.469734,0.0941987,upper,-0.9037832
379,0.47244,0.09400445000000002,upper,-0.89652196
380,0.4751455,0.0938069,upper,-0.8893272
381,0.47785049999999996,0.093606,upper,-0.88213339
382,0.4805555,0.09340175,upper,-0.87499459
383,0.4832605,0.0931942,upper,-0.86787634
384,0.485965,0.0929834,upper,-0.8608578
385,0.4886695,0.0927693,upper,-0.85376813
386,0.491374,0.09255195,upper,-0.84683148
387,0.494078,0.09233135,upper,-0.83983767
388,0.4967815,0.09210750000000001,upper,-0.83293252
389,0.49948499999999996,0.0918805,upper,-0.82598232
390,0.5021884999999999,0.09165025,upper,-0.81916823
391,0.504891,0.0914168,upper,-0.81230871
392,0.5075935,0.09118014999999999,upper,-0.80543738
393,0.5102964999999999,0.09094035,upper,-0.79867029
394,0.512999,0.09069740000000001,upper,-0.79191942
395,0.515701,0.09045130000000001,upper,-0.78514265
396,0.5184025,0.09020210000000001,upper,-0.77845268
397,0.521104,0.08994975,upper,-0.77170281
398,0.5238054999999999,0.08969425,upper,-0.76505992
399,0.5265059999999999,0.08943565,upper,-0.75838978
400,0.5292064999999999,0.08917405,upper,-0.75170564
401,0.5319069999999999,0.08890935,upper,-0.74515406
402,0.534607,0.08864154999999999,upper,-0.73850874
403,0.537307,0.0883707,upper,-0.73194135
404,0.540007,0.08809685,upper,-0.72538639
405,0.5427065,0.08781995000000001,upper,-0.71886291
406,0.5454055,0.08754,upper,-0.7123091
407,0.5481045,0.0872571,upper,-0.70581077
408,0.5508029999999999,0.08697115,upper,-0.699333
409,0.553501,0.0866822,upper,-0.69282589
410,0.556199,0.0863903,upper,-0.68635465
411,0.5588965,0.08609544999999999,upper,-0.67993422
412,0.5615939999999999,0.0857976,upper,-0.67344365
413,0.5642915,0.0854968,upper,-0.66706
414,0.566988,0.0851931,upper,-0.66065002
415,0.5696844999999999,0.0848864,upper,-0.65419215
416,0.572381,0.08457680000000001,upper,-0.64785857
417,0.5750770000000001,0.08426430000000001,upper,-0.64144232
418,0.5777725,0.08394889999999999,upper,-0.63510605
419,0.5804674999999999,0.0836306,upper,-0.62872655
420,0.5831625,0.0833094,upper,-0.62238068
421,0.5858574999999999,0.0829853,upper,-0.61604316
422,0.588552,0.08265834999999999,upper,-0.60974685
423,0.5912459999999999,0.08232855,upper,-0.60339726
424,0.5939395000000001,0.08199585,upper,-0.59712716
425,0.596633,0.08166029999999999,upper,-0.59076501
426,0.5993265,0.08132195,upper,-0.58453632
427,0.6020190000000001,0.08098075,upper,-0.57824492
428,0.6047115000000001,0.0806367,upper,-0.57193266
429,0.607404,0.0802899,upper,-0.56571482
430,0.6100955,0.07994024999999999,upper,-0.55945763
431,0.612787,0.07958775,upper,-0.55316386
432,0.6154785,0.07923250000000001,upper,-0.54696255
433,0.618169,0.07887445000000001,upper,-0.54072997
434,0.6208595,0.0785136,upper,-0.53445853
435,0.62355,0.07815,upper,-0.52828501
436,0.6262395000000001,0.0777836,upper,-0.52206759
437,0.6289290000000001,0.07741445,upper,-0.51582668
438,0.6316185000000001,0.07704255,upper,-0.50966901
439,0.634307,0.07666790000000001,upper,-0.50348487
440,0.6369955,0.07629050000000001,upper,-0.49726219
441,0.639684,0.07591035,upper,-0.4911322
442,0.6423715000000001,0.07552745,upper,-0.48496447
443,0.645059,0.0751418,upper,-0.4787666
444,0.6477465,0.07475345,upper,-0.47266084
445,0.650433,0.0743624,upper,-0.46651267
446,0.653119,0.07396865,upper,-0.46036854
447,0.655805,0.07357215,upper,-0.45424633
448,0.6584909999999999,0.07317295,upper,-0.44812837
449,0.6611765000000001,0.0727711,upper,-0.44205043
450,0.6638615,0.07236655,upper,-0.43593599
451,0.6665460000000001,0.07195925,upper,-0.42987402
452,0.66923,0.0715493,upper,-0.42377886
453,0.6719139999999999,0.0711367,upper,-0.4177261
454,0.6745975,0.07072139999999999,upper,-0.41169213
455,0.6772805,0.07030339999999999,upper,-0.40563975
456,0.6799634999999999,0.06988275,upper,-0.39961974
457,0.6826460000000001,0.06945945,upper,-0.39363203
458,0.6853279999999999,0.06903345,upper,-0.38761944
459,0.6880094999999999,0.06860485,upper,-0.38166475
460,0.6906905,0.0681736,upper,-0.37568832
461,0.6933715,0.0677397,upper,-0.36975195
462,0.696052,0.06730315,upper,-0.36384671
463,0.6987319999999999,0.06686395,upper,-0.3579272
464,0.701412,0.0664221,upper,-0.35204755
465,0.7040915000000001,0.0659776,upper,-0.34620495
466,0.7067705,0.06553049999999999,upper,-0.34034621
467,0.709449,0.0650808,upper,-0.33455944
468,0.712127,0.06462845,upper,-0.32875599
469,0.714805,0.06417344999999999,upper,-0.32299428
470,0.7174825,0.06371584999999999,upper,-0.31728116
471,0.7201595000000001,0.06325565,upper,-0.3115638
472,0.7228365,0.06279285,upper,-0.30589907
473,0.7255130000000001,0.062327400000000005,upper,-0.30027511
474,0.7281885,0.06185935,upper,-0.29467119
475,0.7308635,0.0613887,upper,-0.28909321
476,0.7335385,0.060915399999999995,upper,-0.28356716
477,0.7362135,0.060439549999999995,upper,-0.2780785
478,0.738888,0.0599611,upper,-0.27263709
479,0.7415615,0.059480000000000005,upper,-0.26723972
480,0.744235,0.05899635,upper,-0.26184694
481,0.746908,0.058510099999999995,upper,-0.25657658
482,0.7495805,0.058021249999999996,upper,-0.25126933
483,0.752253,0.0575298,upper,-0.24607827
484,0.7549245,0.057035749999999996,upper,-0.24090905
485,0.7575955000000001,0.056539149999999996,upper,-0.23578956
486,0.7602665,0.056039900000000004,upper,-0.23073126
487,0.762937,0.055538050000000005,upper,-0.22573764
488,0.7656069999999999,0.05503365,upper,-0.22079012
489,0.7682770000000001,0.0545267,upper,-0.21591049
490,0.7709465,0.05401715,upper,-0.21109705
491,0.7736149999999999,0.05350495,upper,-0.20634442
492,0.776283,0.0529902,upper,-0.20164922
493,0.778951,0.0524729,upper,-0.19702726
494,0.7816185,0.051953,upper,-0.19248601
495,0.7842855,0.051430500000000004,upper,-0.18798937
496,0.786952,0.0509054,upper,-0.18359133
497,0.7896179999999999,0.0503777,upper,-0.17924574
498,0.792284,0.04984745,upper,-0.17498092
499,0.7949495,0.04931465,upper,-0.17080188
500,0.7976145,0.048779199999999995,upper,-0.1666785
501,0.800279,0.04824115,upper,-0.16265582
502,0.802943,0.047700599999999996,upper,-0.15869035
503,0.8056065,0.04715745,upper,-0.15482207
504,0.8082695000000001,0.046611650000000004,upper,-0.15101482
505,0.810932,0.0460633,upper,-0.14730629
506,0.8135939999999999,0.04551235,upper,-0.14366024
507,0.8162555,0.0449588,upper,-0.14010912
508,0.8189164999999999,0.0444027,upper,-0.13662991
509,0.8215775000000001,0.043843999999999994,upper,-0.13323252
510,0.824238,0.0432827,upper,-0.12992041
511,0.826898,0.0427188,upper,-0.1266786
512,0.8295575,0.042152300000000004,upper,-0.12352543
513,0.8322160000000001,0.0415832,upper,-0.12045088
514,0.8348745,0.0410115,upper,-0.11744157
515,0.8375325,0.0404372,upper,-0.11453241
516,0.84019,0.0398603,upper,-0.11167227
517,0.842847,0.03928085,upper,-0.10891578
518,0.8455035,0.0386988,upper,-0.10620744
519,0.84816,0.03811405,upper,-0.10359161
520,0.8508155,0.037526699999999996,upper,-0.10104062
521,0.8534705,0.0369368,upper,-0.098559013
522,0.856125,0.036344299999999996,upper,-0.096150471
523,0.858779,0.03574915,upper,-0.093805342
524,0.8614325,0.03515135,upper,-0.091530578
525,0.8640855000000001,0.03455095,upper,-0.089316587
526,0.8667385,0.03394795,upper,-0.087166249
527,0.8693905000000001,0.0333423,upper,-0.085079604
528,0.872042,0.03273405,upper,-0.083047844
529,0.8746935,0.03212315,upper,-0.081077834
530,0.877344,0.0315096,upper,-0.079162337
531,0.8799939999999999,0.03089345,upper,-0.077301951
532,0.8826434999999999,0.03027465,upper,-0.07549506
533,0.8852924999999999,0.029653200000000005,upper,-0.073737144
534,0.8879414999999999,0.029029100000000002,upper,-0.072029059
535,0.8905894999999999,0.02840235,upper,-0.070369699
536,0.8932370000000001,0.027772949999999998,upper,-0.068754733
537,0.8958845,0.0271409,upper,-0.067185494
538,0.898531,0.02650615,upper,-0.065659324
539,0.901177,0.025868749999999996,upper,-0.064174842
540,0.9038225,0.0252287,upper,-0.062729257
541,0.9064669999999999,0.024585950000000002,upper,-0.061323924
542,0.9091115000000001,0.02394055,upper,-0.059952831
543,0.9117554999999999,0.0232925,upper,-0.058620489
544,0.9143985,0.0226417,upper,-0.057320444
545,0.9170415,0.021988200000000003,upper,-0.056055646
546,0.919684,0.021332049999999998,upper,-0.054821756
547,0.9223254999999999,0.0206732,upper,-0.053618637
548,0.9249665,0.02001165,upper,-0.052445497
549,0.9276074999999999,0.0193474,upper,-0.051300117
550,0.9302475,0.01868045,upper,-0.050183941
551,0.932887,0.01801075,upper,-0.049093181
552,0.9355260000000001,0.01733835,upper,-0.048029759
553,0.938164,0.016663249999999998,upper,-0.046989682
554,0.9408019999999999,0.01598535,upper,-0.045975444
555,0.9434395,0.015304749999999999,upper,-0.044983043
556,0.9460765,0.01462145,upper,-0.044014889
557,0.9487125000000001,0.013935349999999999,upper,-0.043068449
558,0.9513480000000001,0.013246500000000001,upper,-0.042144978
559,0.953983,0.0125549,upper,-0.041242295
560,0.9566175000000001,0.011860550000000001,upper,-0.040361138
561,0.9592514999999999,0.01116345,upper,-0.039500924
562,0.9618844999999999,0.010463549999999999,upper,-0.038661572
563,0.9645174999999999,0.009760854999999999,upper,-0.037844999
564,0.9671495,0.009055384999999999,upper,-0.037048014
565,0.969781,0.008347135,upper,-0.03627398
566,0.9724119999999999,0.007636085000000001,upper,-0.03551801
567,0.975042,0.00692223,upper,-0.034773762
568,0.9776720000000001,0.0062055700000000005,upper,-0.034041699
569,0.9803010000000001,0.005486095,upper,-0.033284487
570,0.9829295,0.0047637949999999995,upper,-0.032519031
571,0.9855575,0.00403867,upper,-0.031632341
572,0.9881845,0.00331071,upper,-0.030730673
573,0.9908115,0.0025799100000000004,upper,-0.029450113
574,0.9934375000000001,0.0018462650000000001,upper,-0.028348796
575,0.9960625000000001,0.0011097625,upper,-0.026125029
576,0.9986875,0.0003703975,upper,-0.025381551
577,0.2070165,-0.027035,lower,0.52266032
578,0.20963099999999998,-0.0269268,lower,0.52061443
579,0.2122445,-0.02681695,lower,0.51864584
580,0.214857,-0.026705450000000002,lower,0.51668712
581,0.2174685,-0.026592449999999997,lower,0.5146937
582,0.220079,-0.02647805,lower,0.51263033
583,0.222689,-0.026362299999999998,lower,0.5105253
584,0.22529849999999998,-0.0262452,lower,0.50839724
585,0.22790700000000003,-0.02612685,lower,0.50626942
586,0.23051449999999998,-0.0260074,lower,0.50415996
587,0.2331215,-0.02588685,lower,0.50207577
588,0.235728,-0.02576525,lower,0.50001884
589,0.23833349999999998,-0.02564265,lower,0.49800597
590,0.2409385,-0.02551915,lower,0.49604122
591,0.243543,-0.025394800000000002,lower,0.49408204
592,0.246147,-0.02526965,lower,0.49218851
593,0.24875049999999999,-0.02514375,lower,0.49030227
594,0.251353,-0.02501715,lower,0.48846273
595,0.253955,-0.02488995,lower,0.48666127
596,0.256557,-0.02476215,lower,0.48486057
597,0.259158,-0.024633799999999997,lower,0.48308035
598,0.2617585,-0.024505000000000002,lower,0.48136933
599,0.264359,-0.0243758,lower,0.4796288
600,0.266959,-0.024246149999999998,lower,0.47794499
601,0.26955850000000003,-0.024116149999999996,lower,0.47627655
602,0.2721575,-0.0239859,lower,0.47464242
603,0.274756,-0.0238554,lower,0.47301322
604,0.277354,-0.0237247,lower,0.47141071
605,0.279952,-0.023593850000000003,lower,0.46982401
606,0.2825495,-0.0234629,lower,0.46823947
607,0.285147,-0.02333185,lower,0.46670011
608,0.287744,-0.0232008,lower,0.46513929
609,0.2903405,-0.02306975,lower,0.46363919
610,0.292937,-0.0229387,lower,0.46213092
611,0.2955335,-0.0228078,lower,0.46065192
612,0.29813,-0.022677,lower,0.45916618
613,0.3007255,-0.02254635,lower,0.45770039
614,0.30332099999999995,-0.02241595,lower,0.45626347
615,0.3059165,-0.02228575,lower,0.45479377
616,0.3085115,-0.0221558,lower,0.45338916
617,0.311107,-0.0220262,lower,0.45195892
618,0.3137025,-0.02189695,lower,0.45053628
619,0.316297,-0.021768049999999997,lower,0.44912644
620,0.3188915,-0.0216396,lower,0.44775247
621,0.3214865,-0.021511600000000002,lower,0.4463479
622,0.3240815,-0.021384,lower,0.44497196
623,0.326676,-0.021256950000000004,lower,0.44358631
624,0.3292705,-0.02113045,lower,0.44222769
625,0.33186499999999997,-0.021004500000000002,lower,0.44083883
626,0.3344595,-0.0208792,lower,0.43948548
627,0.337054,-0.0207545,lower,0.43809196
628,0.3396485,-0.02063045,lower,0.43674596
629,0.342243,-0.0205071,lower,0.43536163
630,0.3448375,-0.0203845,lower,0.43400889
631,0.347432,-0.020262649999999997,lower,0.43261551
632,0.3500265,-0.02014155,lower,0.43126377
633,0.35262150000000003,-0.02002125,lower,0.42988536
634,0.3552165,-0.0199018,lower,0.42849879
635,0.35781150000000006,-0.01978325,lower,0.42710799
636,0.3604065,-0.01966555,lower,0.42571167
637,0.3630015,-0.01954875,lower,0.42430555
638,0.3655965,-0.0194329,lower,0.42288932
639,0.36819199999999996,-0.019318000000000002,lower,0.42147368
640,0.3707875,-0.019204099999999998,lower,0.42000828
641,0.373383,-0.0190912,lower,0.4185684
642,0.37597899999999995,-0.018979299999999998,lower,0.41708183
643,0.378575,-0.0188685,lower,0.41559671
644,0.381171,-0.018758800000000003,lower,0.41406469
645,0.38376750000000004,-0.0186502,lower,0.41253668
646,0.386364,-0.01854275,lower,0.41093011
647,0.38896050000000004,-0.01843645,lower,0.40933995
648,0.3915575,-0.018331300000000002,lower,0.40766802
649,0.394155,-0.01822735,lower,0.40597961
650,0.396753,-0.01812465,lower,0.40419463
651,0.399356,-0.01802315,lower,0.4023771
652,0.40198049999999996,-0.017922200000000003,lower,0.40031892
653,0.404622,-0.0178209,lower,0.39799241
654,0.4072635,-0.017719,lower,0.39606077
655,0.40990499999999996,-0.01761655,lower,0.39421119
656,0.412547,-0.01751355,lower,0.39242766
657,0.4151885,-0.01740995,lower,0.39069424
658,0.41783000000000003,-0.017305849999999998,lower,0.38904822
659,0.42047249999999997,-0.017201300000000003,lower,0.38742429
660,0.423115,-0.01709625,lower,0.38583099
661,0.425757,-0.0169907,lower,0.3842956
662,0.4283995,-0.0168847,lower,0.38280742
663,0.4310425,-0.0167783,lower,0.38132664
664,0.4336855,-0.0166715,lower,0.37987761
665,0.4363285,-0.016564350000000002,lower,0.37845303
666,0.4389715,-0.0164568,lower,0.37706165
667,0.4416145,-0.01634885,lower,0.37568387
668,0.44425800000000004,-0.0162406,lower,0.37435628
669,0.44690199999999997,-0.016132050000000002,lower,0.37300708
670,0.449546,-0.0160232,lower,0.37168714
671,0.45219,-0.01591405,lower,0.37040068
672,0.454834,-0.015804600000000002,lower,0.36910788
673,0.4574785,-0.0156949,lower,0.36787021
674,0.4601235,-0.015585000000000002,lower,0.36660278
675,0.4627685,-0.01547485,lower,0.3653598
676,0.4654135,-0.0153645,lower,0.36414874
677,0.4680585,-0.01525395,lower,0.3629233
678,0.47070399999999996,-0.015143199999999999,lower,0.36175052
679,0.47335000000000005,-0.01503235,lower,0.36054333
680,0.47599600000000003,-0.01492135,lower,0.35936294
681,0.478642,-0.014810150000000001,lower,0.358203
682,0.48128799999999994,-0.014698850000000001,lower,0.35704895
683,0.4839345,-0.01458745,lower,0.35591842
684,0.4865815,-0.01447595,lower,0.35476812
685,0.48922849999999996,-0.0143644,lower,0.35365321
686,0.49187549999999997,-0.0142528,lower,0.35252421
687,0.494523,-0.01414115,lower,0.35142365
688,0.49717100000000003,-0.014029400000000001,lower,0.35031657
689,0.499819,-0.01391765,lower,0.34922693
690,0.502467,-0.0138059,lower,0.34813355
691,0.505115,-0.01369415,lower,0.34706851
692,0.5077635,-0.01358245,lower,0.34599122
693,0.5104125,-0.01347075,lower,0.34490968
694,0.513062,-0.01335905,lower,0.34386036
695,0.5157115000000001,-0.0132474,lower,0.34279827
696,0.5183610000000001,-0.013135850000000001,lower,0.34175756
697,0.521011,-0.01302435,lower,0.34070372
698,0.5236609999999999,-0.012912950000000001,lower,0.33966567
699,0.5263114999999999,-0.01280165,lower,0.33863364
700,0.5289625,-0.012690449999999999,lower,0.33759439
701,0.5316135,-0.0125794,lower,0.33656334
702,0.5342645,-0.01246845,lower,0.33553737
703,0.536916,-0.0123576,lower,0.33452992
704,0.539568,-0.012246899999999998,lower,0.33350944
705,0.54222,-0.0121364,lower,0.33250487
706,0.5448725,-0.012026100000000001,lower,0.331491
707,0.547525,-0.01191595,lower,0.33047377
708,0.5501775,-0.011806,lower,0.32948938
709,0.5528310000000001,-0.011696249999999998,lower,0.32848227
710,0.5554844999999999,-0.0115867,lower,0.32747841
711,0.5581379999999999,-0.011477399999999999,lower,0.32649091
712,0.5607925,-0.0113683,lower,0.32549548
713,0.5634469999999999,-0.01125945,lower,0.32449439
714,0.5661015,-0.01115085,lower,0.3235132
715,0.5687565,-0.0110425,lower,0.32252144
716,0.5714115,-0.0109344,lower,0.32153149
717,0.574067,-0.01082655,lower,0.32056705
718,0.576723,-0.010719049999999999,lower,0.31956219
719,0.579379,-0.01061185,lower,0.3185851
720,0.5820354999999999,-0.010504900000000001,lower,0.31760908
721,0.5846925000000001,-0.010398250000000001,lower,0.31661349
722,0.5873495,-0.010291950000000001,lower,0.31564044
723,0.5900070000000001,-0.010186,lower,0.31466026
724,0.592665,-0.01008035,lower,0.31366125
725,0.595323,-0.009975015,lower,0.31269202
726,0.597981,-0.00987004,lower,0.31170599
727,0.6006395,-0.009765435000000001,lower,0.31073889
728,0.6032985,-0.00966119,lower,0.30974518
729,0.605958,-0.009557315,lower,0.30876996
730,0.6086180000000001,-0.009453815,lower,0.30777674
731,0.611278,-0.0093507,lower,0.30679465
732,0.613938,-0.009247975,lower,0.30580854
733,0.6165985,-0.00914565,lower,0.30483271
734,0.6192595,-0.00904373,lower,0.3038355
735,0.621921,-0.008942215,lower,0.30285509
736,0.624583,-0.008841115,lower,0.30185752
737,0.627245,-0.00874044,lower,0.30086788
738,0.629907,-0.008640195,lower,0.29987638
739,0.6325695,-0.008540385,lower,0.29889004
740,0.6352325,-0.008441015,lower,0.2978861
741,0.637896,-0.008342095,lower,0.2968946
742,0.64056,-0.008243625000000001,lower,0.29588524
743,0.643224,-0.008145610000000001,lower,0.29488133
744,0.6458885000000001,-0.00804806,lower,0.29388429
745,0.648553,-0.00795098,lower,0.29286132
746,0.651218,-0.007854375,lower,0.2918726
747,0.6538835000000001,-0.0077582449999999996,lower,0.2908356
748,0.6565489999999999,-0.0076625949999999995,lower,0.28983629
749,0.6592155,-0.007567435,lower,0.28881523
750,0.6618825,-0.00747277,lower,0.287783
751,0.6645495,-0.007378605,lower,0.28675774
752,0.6672164999999999,-0.00728494,lower,0.28572719
753,0.669884,-0.00719178,lower,0.28470233
754,0.6725519999999999,-0.007099135,lower,0.28365742
755,0.6752205,-0.007006999999999999,lower,0.28262234
756,0.6778895,-0.0069153850000000005,lower,0.28157076
757,0.6805585000000001,-0.006824295,lower,0.28052071
758,0.683228,-0.00673373,lower,0.27947509
759,0.685898,-0.006643700000000001,lower,0.27840913
760,0.6885680000000001,-0.0065542000000000005,lower,0.27734766
761,0.6912385,-0.006465235,lower,0.27629014
762,0.6939095,-0.006376815,lower,0.27521057
763,0.696581,-0.00628894,lower,0.27414143
764,0.699253,-0.006201614999999999,lower,0.27305208
765,0.701925,-0.00611484,lower,0.27196582
766,0.7045975,-0.006028615,lower,0.27088142
767,0.7072704999999999,-0.005942945,lower,0.2697771
768,0.709944,-0.0058578400000000004,lower,0.26868201
769,0.712618,-0.0057732949999999995,lower,0.26756632
770,0.715292,-0.005689315,lower,0.26645405
771,0.7179665000000001,-0.0056059050000000004,lower,0.26534049
772,0.7206415,-0.00552306,lower,0.26420922
773,0.7233165,-0.00544079,lower,0.26308084
774,0.725992,-0.0053590949999999995,lower,0.26194738
775,0.7286685,-0.00527797,lower,0.26080428
776,0.7313449999999999,-0.0051974249999999994,lower,0.25964015
777,0.7340220000000001,-0.005117465,lower,0.25850259
778,0.7366995,-0.0050380849999999994,lower,0.25731655
779,0.739377,-0.004959285,lower,0.25615982
780,0.742055,-0.004881075,lower,0.25497444
781,0.7447334999999999,-0.00480345,lower,0.25379324
782,0.7474129999999999,-0.00472641,lower,0.252599
783,0.7500924999999999,-0.004649965000000001,lower,0.25138447
784,0.752772,-0.00457411,lower,0.25018689
785,0.7554525000000001,-0.0044988450000000004,lower,0.24896795
786,0.7581335,-0.00442417,lower,0.24773444
787,0.7608145,-0.00435009,lower,0.24650133
788,0.763496,-0.004276604999999999,lower,0.24526306
789,0.766178,-0.004203715,lower,0.24400566
790,0.76886,-0.004131419999999999,lower,0.2427453
791,0.7715425,-0.004059719999999999,lower,0.24148214
792,0.7742260000000001,-0.00398862,lower,0.24019996
793,0.7769100000000001,-0.003918115,lower,0.23890495
794,0.779594,-0.003848205,lower,0.23760551
795,0.7822785,-0.003778895,lower,0.23630077
796,0.7849634999999999,-0.00371018,lower,0.23497505
797,0.7876489999999999,-0.003642065,lower,0.23364871
798,0.790335,-0.0035745449999999997,lower,0.23230149
799,0.793021,-0.00350762,lower,0.23094964
800,0.7957075,-0.003441295,lower,0.22959145
801,0.798395,-0.003375565,lower,0.22821307
802,0.801083,-0.00331043,lower,0.2268197
803,0.803771,-0.00324589,lower,0.22542035
804,0.8064595,-0.0031819500000000002,lower,0.22401171
805,0.8091485,-0.0031186,lower,0.22257972
806,0.811838,-0.00305584,lower,0.22114635
807,0.8145279999999999,-0.002993675,lower,0.21968857
808,0.8172185,-0.002932095,lower,0.21822695
809,0.8199095,-0.0028711049999999997,lower,0.21674148
810,0.8226005,-0.00281071,lower,0.21524736
811,0.8252919999999999,-0.0027509,lower,0.2137416
812,0.8279844999999999,-0.00269167,lower,0.21221564
813,0.8306775000000001,-0.0026330249999999998,lower,0.21066895
814,0.8333705,-0.0025749650000000002,lower,0.20911284
815,0.836064,-0.0025174850000000003,lower,0.20754236
816,0.8387585000000001,-0.0024605850000000004,lower,0.20595108
817,0.841453,-0.00240426,lower,0.20433191
818,0.8441479999999999,-0.00234851,lower,0.2027199
819,0.846844,-0.00229333,lower,0.20106348
820,0.84954,-0.00223872,lower,0.19940028
821,0.8522365000000001,-0.002184685,lower,0.19771988
822,0.8549335,-0.002131215,lower,0.19600856
823,0.8576309999999999,-0.002078305,lower,0.19428819
824,0.860329,-0.0020259550000000003,lower,0.19253388
825,0.8630275000000001,-0.001974165,lower,0.19076843
826,0.8657265,-0.001922935,lower,0.18896785
827,0.8684259999999999,-0.001872255,lower,0.18715238
828,0.8711260000000001,-0.001822125,lower,0.18530444
829,0.8738265,-0.0017725450000000002,lower,0.18343721
830,0.8765275,-0.001723505,lower,0.18153409
831,0.879229,-0.0016750049999999998,lower,0.17961349
832,0.881931,-0.001627045,lower,0.17765415
833,0.8846335000000001,-0.0015796249999999999,lower,0.17567111
834,0.8873369999999999,-0.0015327350000000001,lower,0.17365252
835,0.8900405,-0.0014863699999999999,lower,0.17159358
836,0.8927444999999999,-0.00144053,lower,0.16952002
837,0.8954495,-0.00139521,lower,0.16738956
838,0.8981545,-0.001350405,lower,0.16523148
839,0.90086,-0.001306115,lower,0.16303667
840,0.9035664999999999,-0.001262335,lower,0.16079492
841,0.9062735,-0.0012190550000000001,lower,0.15850731
842,0.9089805,-0.00117628,lower,0.15617911
843,0.9116879999999999,-0.001134005,lower,0.15380463
844,0.9143965000000001,-0.0010922199999999999,lower,0.15137612
845,0.9171055,-0.0010509249999999999,lower,0.14888834
846,0.919815,-0.0010101145,lower,0.14635321
847,0.922525,-0.0009697825,lower,0.14374929
848,0.9252355000000001,-0.000929926,lower,0.14109013
849,0.9279465,-0.0008905395,lower,0.13835427
850,0.930658,-0.000851619,lower,0.13555433
851,0.9333705,-0.0008131595000000001,lower,0.13267108
852,0.9360835,-0.000775156,lower,0.12970184
853,0.9387965,-0.000737604,lower,0.12664793
854,0.9415100000000001,-0.0007004975,lower,0.12350109
855,0.9442245,-0.000663832,lower,0.12024509
856,0.9469395,-0.000627602,lower,0.11687308
857,0.949655,-0.000591802,lower,0.11338474
858,0.9523714999999999,-0.0005564275,lower,0.10975663
859,0.9550885,-0.0005214725,lower,0.10597774
860,0.9578055,-0.000486931,lower,0.10204036
861,0.960523,-0.00045279749999999996,lower,0.097925253
862,0.9632415000000001,-0.000419067,lower,0.093602178
863,0.9659610000000001,-0.00038573350000000004,lower,0.089050924
864,0.968681,-0.0003527905,lower,0.084238316
865,0.971401,-0.00032023200000000005,lower,0.07913626
866,0.9741215,-0.0002880525,lower,0.073697301
867,0.9768429999999999,-0.000256246,lower,0.067853577
868,0.979565,-0.00022480600000000003,lower,0.06153426
869,0.9822875,-0.000193726,lower,0.054640268
870,0.985011,-0.00016299950000000002,lower,0.047032697
871,0.987735,-0.000132621,lower,0.038464528
872,0.9904595,-0.00010258334999999999,lower,0.028708508
873,0.9931844999999999,-7.28796e-05,lower,0.016880271
874,0.99591,-4.350355e-05,lower,0.0022801788
875,0.9986364999999999,-1.44483e-05,lower,-0.019083149
