AoA_deg,time,face,x_over_c,y_over_c,z,Cp
12.0,2350,0,0.19887,-0.0573073,0.0,0.42778174
12.0,2350,1,0.19661,-0.05717315,0.0,0.43198038
12.0,2350,2,0.19435049999999998,-0.05703515,0.0,0.43622499
12.0,2350,3,0.19209199999999998,-0.05689325,0.0,0.44052604
12.0,2350,4,0.189834,-0.056747399999999996,0.0,0.44488239
12.0,2350,5,0.1875775,-0.0565976,0.0,0.44931316
12.0,2350,6,0.18532300000000002,-0.056443850000000004,0.0,0.45378477
12.0,2350,7,0.18307,-0.0562861,0.0,0.45832128
12.0,2350,8,0.180819,-0.05612425,0.0,0.46293704
12.0,2350,9,0.1785705,-0.055958350000000004,0.0,0.46759849
12.0,2350,10,0.1763245,-0.05578835,0.0,0.4723355
12.0,2350,11,0.1740815,-0.0556142,0.0,0.47714804
12.0,2350,12,0.1718425,-0.055435899999999996,0.0,0.48201812
12.0,2350,13,0.169607,-0.055253399999999994,0.0,0.48698852
12.0,2350,14,0.167375,-0.055066699999999996,0.0,0.49198469
12.0,2350,15,0.1651475,-0.0548758,0.0,0.49708699
12.0,2350,16,0.1629245,-0.05468065,0.0,0.50223332
12.0,2350,17,0.1607055,-0.0544812,0.0,0.50748375
12.0,2350,18,0.158492,-0.054277450000000005,0.0,0.51278246
12.0,2350,19,0.156284,-0.054069400000000004,0.0,0.51816876
12.0,2350,20,0.15408100000000002,-0.053856999999999995,0.0,0.5236345
12.0,2350,21,0.1518845,-0.05364025,0.0,0.52917329
12.0,2350,22,0.149694,-0.05341915,0.0,0.53477985
12.0,2350,23,0.14750950000000002,-0.05319365,0.0,0.54047939
12.0,2350,24,0.14533200000000002,-0.0529637,0.0,0.54625564
12.0,2350,25,0.1431615,-0.05272935,0.0,0.55210937
12.0,2350,26,0.1409985,-0.0524906,0.0,0.55804933
12.0,2350,27,0.138843,-0.0522474,0.0,0.56406332
12.0,2350,28,0.136695,-0.0519997,0.0,0.57015547
12.0,2350,29,0.13455499999999998,-0.05174755,0.0,0.57633578
12.0,2350,30,0.1324235,-0.051490949999999994,0.0,0.58259824
12.0,2350,31,0.130301,-0.05122985,0.0,0.58894583
12.0,2350,32,0.128187,-0.05096425,0.0,0.59536399
12.0,2350,33,0.126082,-0.050694100000000006,0.0,0.60189682
12.0,2350,34,0.12398700000000001,-0.050419500000000006,0.0,0.60848183
12.0,2350,35,0.1219015,-0.0501404,0.0,0.61516647
12.0,2350,36,0.1198255,-0.049856750000000005,0.0,0.62192382
12.0,2350,37,0.11776,-0.049568600000000004,0.0,0.62877119
12.0,2350,38,0.1157055,-0.04927595,0.0,0.63571847
12.0,2350,39,0.1136615,-0.048978749999999995,0.0,0.64273144
12.0,2350,40,0.111628,-0.048677,0.0,0.64984108
12.0,2350,41,0.10960600000000001,-0.048370750000000004,0.0,0.6570223
12.0,2350,42,0.107596,-0.048060000000000005,0.0,0.66429417
12.0,2350,43,0.10559749999999998,-0.04774475,0.0,0.67164472
12.0,2350,44,0.10361100000000001,-0.04742500000000001,0.0,0.6790912
12.0,2350,45,0.101637,-0.047100699999999995,0.0,0.68660884
12.0,2350,46,0.0996755,-0.0467719,0.0,0.69420593
12.0,2350,47,0.09772685,-0.04643865,0.0,0.70188748
12.0,2350,48,0.09579114999999999,-0.0461009,0.0,0.70964738
12.0,2350,49,0.0938688,-0.04575865,0.0,0.71748808
12.0,2350,50,0.09195999999999999,-0.04541195,0.0,0.72538883
12.0,2350,51,0.090065,-0.0450608,0.0,0.73338341
12.0,2350,52,0.08818405,-0.0447052,0.0,0.7414371
12.0,2350,53,0.08631734999999999,-0.04434515,0.0,0.74956905
12.0,2350,54,0.08446514999999999,-0.043980700000000005,0.0,0.75775044
12.0,2350,55,0.08262775,-0.043611849999999994,0.0,0.76601326
12.0,2350,56,0.08080535,-0.0432386,0.0,0.77432814
12.0,2350,57,0.07899809999999999,-0.042860999999999996,0.0,0.78269424
12.0,2350,58,0.07720635,-0.04247905,0.0,0.79111084
12.0,2350,59,0.0754303,-0.0420928,0.0,0.7995689
12.0,2350,60,0.0736701,-0.0417022,0.0,0.80807712
12.0,2350,61,0.07192604999999999,-0.041307250000000004,0.0,0.81662843
12.0,2350,62,0.0701984,-0.04090805,0.0,0.82519409
12.0,2350,63,0.0684873,-0.0405046,0.0,0.83378564
12.0,2350,64,0.06679299999999999,-0.04009695,0.0,0.84238038
12.0,2350,65,0.0651157,-0.0396851,0.0,0.85099092
12.0,2350,66,0.0634556,-0.039269,0.0,0.85959125
12.0,2350,67,0.06181300000000001,-0.03884875,0.0,0.8681766
12.0,2350,68,0.06018805,-0.038424349999999996,0.0,0.87673984
12.0,2350,69,0.058580900000000005,-0.03799585,0.0,0.88525008
12.0,2350,70,0.0569918,-0.037563299999999994,0.0,0.89370453
12.0,2350,71,0.055421,-0.03712665,0.0,0.90210116
12.0,2350,72,0.053868650000000004,-0.036685949999999995,0.0,0.91040071
12.0,2350,73,0.052334950000000005,-0.03624125,0.0,0.91859778
12.0,2350,74,0.05082015,-0.0357926,0.0,0.92666187
12.0,2350,75,0.049324400000000004,-0.035339999999999996,0.0,0.93458133
12.0,2350,76,0.04784785,-0.034883449999999996,0.0,0.94232231
12.0,2350,77,0.04639075,-0.03442305,0.0,0.94986347
12.0,2350,78,0.0449533,-0.0339588,0.0,0.95717547
12.0,2350,79,0.043535599999999994,-0.03349065,0.0,0.96422427
12.0,2350,80,0.0421379,-0.03301875,0.0,0.97096853
12.0,2350,81,0.04076035,-0.032543100000000005,0.0,0.97737751
12.0,2350,82,0.039403099999999996,-0.0320637,0.0,0.98340276
12.0,2350,83,0.0380664,-0.0315806,0.0,0.98900356
12.0,2350,84,0.0367504,-0.031093799999999998,0.0,0.99411973
12.0,2350,85,0.03545525,-0.0306034,0.0,0.99870427
12.0,2350,86,0.0341811,-0.0301094,0.0,1.0026843
12.0,2350,87,0.0329281,-0.029611850000000002,0.0,1.0060002
12.0,2350,88,0.03169645,-0.0291108,0.0,1.0085743
12.0,2350,89,0.0304863,-0.0286062,0.0,1.0103249
12.0,2350,90,0.0292978,-0.028098150000000002,0.0,1.0111622
12.0,2350,91,0.0281311,-0.0275867,0.0,1.0109901
12.0,2350,92,0.02698635,-0.0270718,0.0,1.0096976
12.0,2350,93,0.0258637,-0.0265536,0.0,1.0071692
12.0,2350,94,0.02476325,-0.0260321,0.0,1.0032708
12.0,2350,95,0.023685200000000003,-0.02550725,0.0,0.99786338
12.0,2350,96,0.02262965,-0.024979150000000002,0.0,0.99078996
12.0,2350,97,0.021596749999999998,-0.02444785,0.0,0.98188533
12.0,2350,98,0.020586649999999998,-0.0239134,0.0,0.9709528
12.0,2350,99,0.019599449999999997,-0.0233758,0.0,0.95779111
12.0,2350,100,0.018635350000000002,-0.022835099999999997,0.0,0.94219627
12.0,2350,101,0.0176944,-0.02229135,0.0,0.92391058
12.0,2350,102,0.01677665,-0.0217445,0.0,0.90265796
12.0,2350,103,0.01588235,-0.021194650000000002,0.0,0.87819976
12.0,2350,104,0.015011549999999999,-0.020641899999999998,0.0,0.85017637
12.0,2350,105,0.01416435,-0.0200862,0.0,0.81822867
12.0,2350,106,0.01334095,-0.01952755,0.0,0.78207951
12.0,2350,107,0.01254135,-0.0189661,0.0,0.7413385
12.0,2350,108,0.011765649999999999,-0.018401849999999997,0.0,0.69538628
12.0,2350,109,0.011014050000000001,-0.01783475,0.0,0.64404461
12.0,2350,110,0.010286585,-0.0172649,0.0,0.58673284
12.0,2350,111,0.009583305,-0.01669235,0.0,0.5228824
12.0,2350,112,0.00890436,-0.016117100000000002,0.0,0.45200833
12.0,2350,113,0.008249820000000001,-0.015539150000000002,0.0,0.37355815
12.0,2350,114,0.0076197650000000006,-0.014958599999999999,0.0,0.2870619
12.0,2350,115,0.007014275,-0.0143755,0.0,0.19174271
12.0,2350,116,0.00643343,-0.0137898,0.0,0.087120235
12.0,2350,117,0.00587731,-0.0132016,0.0,-0.027305628
12.0,2350,118,0.00534598,-0.012610900000000001,0.0,-0.15218486
12.0,2350,119,0.004839505,-0.01201775,0.0,-0.28807991
12.0,2350,120,0.004357955,-0.011422149999999999,0.0,-0.43530882
12.0,2350,121,0.0039013900000000002,-0.010824150000000001,0.0,-0.59426566
12.0,2350,122,0.003469865,-0.010223804999999999,0.0,-0.76560028
12.0,2350,123,0.003063435,-0.009621069999999999,0.0,-0.94838231
12.0,2350,124,0.0026821550000000003,-0.009016045,0.0,-1.1441117
12.0,2350,125,0.0023260800000000003,-0.008408735,0.0,-1.3516385
12.0,2350,126,0.00199525,-0.007799165,0.0,-1.5705374
12.0,2350,127,0.0016897,-0.00718737,0.0,-1.8004013
12.0,2350,128,0.0014094749999999999,-0.006573374999999999,0.0,-2.0403279
12.0,2350,129,0.00115461,-0.0059572,0.0,-2.2890956
12.0,2350,130,0.0009251400000000001,-0.005338875,0.0,-2.545285
12.0,2350,131,0.0007210960000000001,-0.004718425,0.0,-2.8071797
12.0,2350,132,0.000542498,-0.004095875,0.0,-3.0729954
12.0,2350,133,0.00038937149999999996,-0.00347125,0.0,-3.3406855
12.0,2350,134,0.0002617365,-0.0028445750000000002,0.0,-3.608186
12.0,2350,135,0.000159609,-0.002215875,0.0,-3.8733067
12.0,2350,136,8.300205e-05,-0.001585165,0.0,-4.1341619
12.0,2350,137,3.192525e-05,-0.0009524705,0.0,-4.388986
12.0,2350,138,6.3852e-06,-0.0003178155,0.0,-4.6365965
12.0,2350,139,6.3852e-06,0.0003178155,0.0,-4.8763195
12.0,2350,140,3.192525e-05,0.0009524705000000001,0.0,-5.1081069
12.0,2350,141,8.300204999999999e-05,0.001585165,0.0,-5.327375
12.0,2350,142,0.000159609,0.002215875,0.0,-5.5306373
12.0,2350,143,0.0002617365,0.0028445750000000002,0.0,-5.7157651
12.0,2350,144,0.00038937149999999996,0.00347125,0.0,-5.8807238
12.0,2350,145,0.000542498,0.004095875,0.0,-6.0253023
12.0,2350,146,0.0007210960000000001,0.004718425,0.0,-6.1498437
12.0,2350,147,0.0009251400000000001,0.005338875,0.0,-6.2520526
12.0,2350,148,0.00115461,0.005957199999999999,0.0,-6.3328416
12.0,2350,149,0.001409475,0.006573374999999999,0.0,-6.3933895
12.0,2350,150,0.0016896999999999997,0.00718737,0.0,-6.4344634
12.0,2350,151,0.00199525,0.007799165,0.0,-6.457268
12.0,2350,152,0.0023260800000000003,0.008408735,0.0,-6.4633375
12.0,2350,153,0.0026821550000000003,0.009016045,0.0,-6.454153
12.0,2350,154,0.0030634349999999998,0.009621069999999999,0.0,-6.4313931
12.0,2350,155,0.003469865,0.010223804999999999,0.0,-6.3967092
12.0,2350,156,0.0039013900000000002,0.010824150000000001,0.0,-6.35236
12.0,2350,157,0.004357955,0.011422149999999999,0.0,-6.2991196
12.0,2350,158,0.004839505,0.01201775,0.0,-6.2397576
12.0,2350,159,0.00534598,0.012610900000000001,0.0,-6.1757454
12.0,2350,160,0.00587731,0.0132016,0.0,-6.1082246
12.0,2350,161,0.00643343,0.013789800000000001,0.0,-6.0396584
12.0,2350,162,0.007014275,0.0143755,0.0,-5.9716217
12.0,2350,163,0.0076197650000000006,0.014958599999999999,0.0,-5.9004367
12.0,2350,164,0.008249820000000001,0.01553915,0.0,-5.8073792
12.0,2350,165,0.00890436,0.016117100000000002,0.0,-5.6805956
12.0,2350,166,0.009583305,0.01669235,0.0,-5.543581
12.0,2350,167,0.010286585,0.0172649,0.0,-5.4184476
12.0,2350,168,0.011014050000000001,0.01783475,0.0,-5.3068012
12.0,2350,169,0.011765649999999999,0.018401849999999997,0.0,-5.20279
12.0,2350,170,0.01254135,0.0189661,0.0,-5.1032542
12.0,2350,171,0.01334095,0.01952755,0.0,-5.0078464
12.0,2350,172,0.01416435,0.0200862,0.0,-4.9150265
12.0,2350,173,0.015011549999999999,0.020641899999999998,0.0,-4.8249424
12.0,2350,174,0.01588235,0.021194650000000002,0.0,-4.7364767
12.0,2350,175,0.01677665,0.0217445,0.0,-4.649899
12.0,2350,176,0.0176944,0.02229135,0.0,-4.5656162
12.0,2350,177,0.018635350000000002,0.0228351,0.0,-4.4826207
12.0,2350,178,0.019599449999999997,0.023375800000000002,0.0,-4.4018212
12.0,2350,179,0.020586649999999998,0.023913399999999998,0.0,-4.3226587
12.0,2350,180,0.021596749999999998,0.02444785,0.0,-4.2454247
12.0,2350,181,0.02262965,0.02497915,0.0,-4.1701158
12.0,2350,182,0.0236852,0.02550725,0.0,-4.0964158
12.0,2350,183,0.02476325,0.0260321,0.0,-4.0250996
12.0,2350,184,0.025863699999999996,0.0265536,0.0,-3.9550773
12.0,2350,185,0.02698635,0.0270718,0.0,-3.8871523
12.0,2350,186,0.0281311,0.0275867,0.0,-3.8209794
12.0,2350,187,0.0292978,0.028098150000000002,0.0,-3.7566062
12.0,2350,188,0.0304863,0.028606200000000002,0.0,-3.6940034
12.0,2350,189,0.03169645,0.0291108,0.0,-3.6328278
12.0,2350,190,0.0329281,0.029611850000000002,0.0,-3.5733204
12.0,2350,191,0.0341811,0.0301094,0.0,-3.5156124
12.0,2350,192,0.03545525,0.0306034,0.0,-3.4593695
12.0,2350,193,0.0367504,0.031093799999999998,0.0,-3.4045606
12.0,2350,194,0.0380664,0.0315806,0.0,-3.3512275
12.0,2350,195,0.039403099999999996,0.0320637,0.0,-3.2993886
12.0,2350,196,0.04076035,0.032543100000000005,0.0,-3.2489753
12.0,2350,197,0.04213789999999999,0.03301875,0.0,-3.1997374
12.0,2350,198,0.0435356,0.03349065,0.0,-3.1518123
12.0,2350,199,0.0449533,0.0339588,0.0,-3.1051346
12.0,2350,200,0.04639075000000001,0.03442305,0.0,-3.0596559
12.0,2350,201,0.04784785,0.034883449999999996,0.0,-3.015429
12.0,2350,202,0.049324400000000004,0.035339999999999996,0.0,-2.9724558
12.0,2350,203,0.050820149999999994,0.0357926,0.0,-2.9302786
12.0,2350,204,0.052334950000000005,0.03624125,0.0,-2.889244
12.0,2350,205,0.053868650000000004,0.036685949999999995,0.0,-2.8492198
12.0,2350,206,0.055421,0.03712665,0.0,-2.81027
12.0,2350,207,0.0569918,0.037563299999999994,0.0,-2.772394
12.0,2350,208,0.058580900000000005,0.03799585,0.0,-2.7352526
12.0,2350,209,0.06018804999999999,0.038424349999999996,0.0,-2.6990527
12.0,2350,210,0.061813,0.03884875,0.0,-2.6636324
12.0,2350,211,0.0634556,0.039269,0.0,-2.6291143
12.0,2350,212,0.0651157,0.0396851,0.0,-2.5953862
12.0,2350,213,0.06679299999999999,0.04009695,0.0,-2.5625282
12.0,2350,214,0.0684873,0.0405046,0.0,-2.5303464
12.0,2350,215,0.0701984,0.04090805,0.0,-2.4990079
12.0,2350,216,0.07192604999999999,0.041307250000000004,0.0,-2.4682085
12.0,2350,217,0.0736701,0.0417022,0.0,-2.438191
12.0,2350,218,0.0754303,0.0420928,0.0,-2.4087687
12.0,2350,219,0.07720635,0.04247905,0.0,-2.3799296
12.0,2350,220,0.07899809999999999,0.042860999999999996,0.0,-2.3518419
12.0,2350,221,0.08080535,0.0432386,0.0,-2.3243094
12.0,2350,222,0.08262775,0.04361185,0.0,-2.2975016
12.0,2350,223,0.08446514999999999,0.0439807,0.0,-2.2711362
12.0,2350,224,0.08631734999999999,0.04434515,0.0,-2.245254
12.0,2350,225,0.08818405000000001,0.0447052,0.0,-2.2199716
12.0,2350,226,0.090065,0.045060800000000005,0.0,-2.1951243
12.0,2350,227,0.09196,0.04541194999999999,0.0,-2.1708394
12.0,2350,228,0.0938688,0.04575865,0.0,-2.1470211
12.0,2350,229,0.09579114999999999,0.0461009,0.0,-2.1237025
12.0,2350,230,0.09772685,0.04643865,0.0,-2.1008836
12.0,2350,231,0.0996755,0.0467719,0.0,-2.0784231
12.0,2350,232,0.101637,0.047100699999999995,0.0,-2.0564998
12.0,2350,233,0.10361100000000001,0.047425,0.0,-2.0348462
12.0,2350,234,0.1055975,0.04774475,0.0,-2.0136467
12.0,2350,235,0.107596,0.048060000000000005,0.0,-1.9927895
12.0,2350,236,0.10960600000000001,0.048370750000000004,0.0,-1.9723911
12.0,2350,237,0.111628,0.048677,0.0,-1.9522788
12.0,2350,238,0.1136615,0.04897875,0.0,-1.932672
12.0,2350,239,0.11570550000000002,0.04927595,0.0,-1.9133055
12.0,2350,240,0.11776,0.049568600000000004,0.0,-1.8944036
12.0,2350,241,0.1198255,0.049856750000000005,0.0,-1.8757355
12.0,2350,242,0.1219015,0.0501404,0.0,-1.8573576
12.0,2350,243,0.123987,0.0504195,0.0,-1.8393374
12.0,2350,244,0.126082,0.050694100000000006,0.0,-1.8215829
12.0,2350,245,0.128187,0.05096425,0.0,-1.8041928
12.0,2350,246,0.130301,0.05122985,0.0,-1.7870516
12.0,2350,247,0.1324235,0.051490949999999994,0.0,-1.770155
12.0,2350,248,0.13455499999999998,0.05174755,0.0,-1.7536417
12.0,2350,249,0.136695,0.0519997,0.0,-1.7373305
12.0,2350,250,0.138843,0.0522474,0.0,-1.7213164
12.0,2350,251,0.1409985,0.0524906,0.0,-1.7055609
12.0,2350,252,0.1431615,0.05272935,0.0,-1.6900338
12.0,2350,253,0.14533200000000002,0.0529637,0.0,-1.6747535
12.0,2350,254,0.14750950000000002,0.05319365,0.0,-1.6596854
12.0,2350,255,0.149694,0.05341915,0.0,-1.6448643
12.0,2350,256,0.1518845,0.05364025,0.0,-1.6302323
12.0,2350,257,0.15408100000000002,0.053857,0.0,-1.6158708
12.0,2350,258,0.156284,0.0540694,0.0,-1.6016896
12.0,2350,259,0.158492,0.054277450000000005,0.0,-1.5878163
12.0,2350,260,0.1607055,0.0544812,0.0,-1.5740193
12.0,2350,261,0.1629245,0.05468065,0.0,-1.5605644
12.0,2350,262,0.1651475,0.0548758,0.0,-1.5471906
12.0,2350,263,0.167375,0.055066699999999996,0.0,-1.5341068
12.0,2350,264,0.169607,0.055253399999999994,0.0,-1.5211003
12.0,2350,265,0.1718425,0.055435899999999996,0.0,-1.5083881
12.0,2350,266,0.1740815,0.0556142,0.0,-1.4958084
12.0,2350,267,0.1763245,0.05578835,0.0,-1.4833877
12.0,2350,268,0.1785705,0.055958350000000004,0.0,-1.4711376
12.0,2350,269,0.180819,0.05612425,0.0,-1.4590986
12.0,2350,270,0.18307,0.05628609999999999,0.0,-1.4471797
12.0,2350,271,0.18532300000000002,0.056443850000000004,0.0,-1.4355106
12.0,2350,272,0.1875775,0.0565976,0.0,-1.4239036
12.0,2350,273,0.189834,0.0567474,0.0,-1.4125689
12.0,2350,274,0.19209199999999998,0.05689325,0.0,-1.4013001
12.0,2350,275,0.19435049999999998,0.05703515,0.0,-1.3902556
12.0,2350,276,0.19661,0.05717315,0.0,-1.3792488
12.0,2350,277,0.19887,0.0573073,0.0,-1.3685288
12.0,2350,278,0.20133800000000002,0.0574492,0.0,-1.3566982
12.0,2350,279,0.2040135,0.0575982,0.0,-1.344365
12.0,2350,280,0.206689,0.057742,0.0,-1.3321984
12.0,2350,281,0.2093645,0.0578807,0.0,-1.3200971
12.0,2350,282,0.21204,0.05801435,0.0,-1.30832
12.0,2350,283,0.21471600000000002,0.05814299999999999,0.0,-1.2965947
12.0,2350,284,0.21739150000000002,0.05826674999999999,0.0,-1.285083
12.0,2350,285,0.220067,0.05838565,0.0,-1.273778
12.0,2350,286,0.22274249999999998,0.058499800000000005,0.0,-1.2625297
12.0,2350,287,0.225418,0.0586093,0.0,-1.2515463
12.0,2350,288,0.2280935,0.05871415,0.0,-1.2406075
12.0,2350,289,0.230769,0.05881445,0.0,-1.2298952
12.0,2350,290,0.233445,0.0589103,0.0,-1.219286
12.0,2350,291,0.2361205,0.059001700000000004,0.0,-1.2088028
12.0,2350,292,0.238796,0.0590887,0.0,-1.1985337
12.0,2350,293,0.24147149999999998,0.0591714,0.0,-1.1882717
12.0,2350,294,0.244147,0.0592499,0.0,-1.178278
12.0,2350,295,0.24682300000000001,0.0593242,0.0,-1.1683339
12.0,2350,296,0.24949849999999998,0.059394300000000004,0.0,-1.1585107
12.0,2350,297,0.252174,0.059460349999999995,0.0,-1.1488256
12.0,2350,298,0.2548495,0.0595224,0.0,-1.1392416
12.0,2350,299,0.257525,0.05958045,0.0,-1.1297936
12.0,2350,300,0.2602005,0.05963455,0.0,-1.1203934
12.0,2350,301,0.262876,0.05968475,0.0,-1.111161
12.0,2350,302,0.265552,0.05973115,0.0,-1.1019759
12.0,2350,303,0.2682275,0.0597738,0.0,-1.0929403
12.0,2350,304,0.270903,0.059812699999999996,0.0,-1.084003
12.0,2350,305,0.2735785,0.059847899999999996,0.0,-1.0751507
12.0,2350,306,0.276254,0.0598795,0.0,-1.0664116
12.0,2350,307,0.27893,0.05990745,0.0,-1.0577591
12.0,2350,308,0.2816055,0.059931849999999995,0.0,-1.0491897
12.0,2350,309,0.284281,0.05995275,0.0,-1.0407263
12.0,2350,310,0.2869565,0.05997015,0.0,-1.0323284
12.0,2350,311,0.289632,0.05998415,0.0,-1.0240279
12.0,2350,312,0.2923075,0.05999475,0.0,-1.015809
12.0,2350,313,0.294983,0.060002,0.0,-1.0076581
12.0,2350,314,0.297659,0.0600059,0.0,-0.99959147
12.0,2350,315,0.3003345,0.06000655,0.0,-0.99160764
12.0,2350,316,0.30301,0.060004,0.0,-0.98369493
12.0,2350,317,0.3056855,0.0599982,0.0,-0.97588178
12.0,2350,318,0.308361,0.05998925,0.0,-0.96810978
12.0,2350,319,0.311037,0.05997715,0.0,-0.96042818
12.0,2350,320,0.3137125,0.05996195,0.0,-0.95282978
12.0,2350,321,0.316388,0.0599437,0.0,-0.94526284
12.0,2350,322,0.3190635,0.05992245,0.0,-0.93781671
12.0,2350,323,0.321739,0.0598982,0.0,-0.93040409
12.0,2350,324,0.324415,0.059870950000000006,0.0,-0.92306551
12.0,2350,325,0.3270905,0.059840800000000006,0.0,-0.91579298
12.0,2350,326,0.329766,0.05980775000000001,0.0,-0.90857396
12.0,2350,327,0.3324415,0.0597718,0.0,-0.90142444
12.0,2350,328,0.335117,0.059733,0.0,-0.89431476
12.0,2350,329,0.3377925,0.05969145000000001,0.0,-0.88728592
12.0,2350,330,0.340468,0.0596471,0.0,-0.8803011
12.0,2350,331,0.343144,0.0596,0.0,-0.87339076
12.0,2350,332,0.3458195,0.0595502,0.0,-0.86653191
12.0,2350,333,0.348495,0.05949765,0.0,-0.85972276
12.0,2350,334,0.3511705,0.059442449999999994,0.0,-0.85296882
12.0,2350,335,0.353846,0.05938465,0.0,-0.84626695
12.0,2350,336,0.356522,0.05932425,0.0,-0.83964106
12.0,2350,337,0.3591975,0.05926125,0.0,-0.83306508
12.0,2350,338,0.361873,0.05919565,0.0,-0.82650148
12.0,2350,339,0.3645485,0.0591275,0.0,-0.82002643
12.0,2350,340,0.367224,0.059056899999999996,0.0,-0.81355875
12.0,2350,341,0.3698995,0.0589838,0.0,-0.80719808
12.0,2350,342,0.372575,0.05890825000000001,0.0,-0.80083041
12.0,2350,343,0.375251,0.0588303,0.0,-0.79454827
12.0,2350,344,0.3779265,0.05874985,0.0,-0.78830047
12.0,2350,345,0.380602,0.05866705,0.0,-0.78205829
12.0,2350,346,0.3832775,0.05858189999999999,0.0,-0.77592164
12.0,2350,347,0.385953,0.0584944,0.0,-0.76976475
12.0,2350,348,0.388629,0.0584046,0.0,-0.76370334
12.0,2350,349,0.3913045,0.0583125,0.0,-0.75768113
12.0,2350,350,0.39398,0.05821815,0.0,-0.75166551
12.0,2350,351,0.3966555,0.058121500000000006,0.0,-0.74573191
12.0,2350,352,0.399331,0.05802265,0.0,-0.73981106
12.0,2350,353,0.4020065,0.057921600000000004,0.0,-0.73395247
12.0,2350,354,0.404682,0.0578183,0.0,-0.72810887
12.0,2350,355,0.407358,0.057712849999999996,0.0,-0.72230876
12.0,2350,356,0.4100335,0.0576053,0.0,-0.71658076
12.0,2350,357,0.412709,0.057495599999999994,0.0,-0.71083
12.0,2350,358,0.4153845,0.0573838,0.0,-0.70518446
12.0,2350,359,0.41806,0.0572699,0.0,-0.69950879
12.0,2350,360,0.420736,0.057153899999999994,0.0,-0.69391515
12.0,2350,361,0.4234115,0.0570359,0.0,-0.68835099
12.0,2350,362,0.426087,0.056915850000000004,0.0,-0.68278411
12.0,2350,363,0.4287625,0.056793750000000004,0.0,-0.67730247
12.0,2350,364,0.431438,0.0566697,0.0,-0.67180289
12.0,2350,365,0.434114,0.05654365,0.0,-0.66637627
12.0,2350,366,0.4367895,0.05641565,0.0,-0.66097308
12.0,2350,367,0.439465,0.056285699999999994,0.0,-0.65557668
12.0,2350,368,0.4421405,0.056153800000000004,0.0,-0.650251
12.0,2350,369,0.444816,0.05602005,0.0,-0.64491478
12.0,2350,370,0.4474915,0.0558844,0.0,-0.63966932
12.0,2350,371,0.450167,0.05574685,0.0,-0.63439523
12.0,2350,372,0.452843,0.0556074,0.0,-0.62917554
12.0,2350,373,0.4555185,0.055466150000000006,0.0,-0.62400172
12.0,2350,374,0.458194,0.0553231,0.0,-0.6188188
12.0,2350,375,0.4608695,0.0551782,0.0,-0.61370984
12.0,2350,376,0.463545,0.0550315,0.0,-0.60857744
12.0,2350,377,0.466221,0.054883,0.0,-0.60351184
12.0,2350,378,0.4688965,0.054732750000000004,0.0,-0.59847107
12.0,2350,379,0.471572,0.05458075,0.0,-0.59341628
12.0,2350,380,0.4742475,0.054427,0.0,-0.58844785
12.0,2350,381,0.476923,0.05427155,0.0,-0.58344171
12.0,2350,382,0.4795985,0.0541144,0.0,-0.57853068
12.0,2350,383,0.482274,0.053955550000000005,0.0,-0.57358014
12.0,2350,384,0.48495,0.053794999999999996,0.0,-0.56869736
12.0,2350,385,0.4876255,0.0536328,0.0,-0.56383066
12.0,2350,386,0.490301,0.05346895,0.0,-0.55896684
12.0,2350,387,0.4929765,0.05330345,0.0,-0.55416188
12.0,2350,388,0.495652,0.05313635,0.0,-0.54934034
12.0,2350,389,0.498328,0.052967600000000004,0.0,-0.54457577
12.0,2350,390,0.5010035,0.052797250000000004,0.0,-0.53983925
12.0,2350,391,0.503679,0.0526253,0.0,-0.53507337
12.0,2350,392,0.5063545,0.05245175,0.0,-0.5303862
12.0,2350,393,0.5090300000000001,0.052276699999999995,0.0,-0.52567652
12.0,2350,394,0.5117055,0.0521001,0.0,-0.52104007
12.0,2350,395,0.514381,0.051921949999999994,0.0,-0.51637637
12.0,2350,396,0.5170570000000001,0.051742250000000004,0.0,-0.51175872
12.0,2350,397,0.5197325,0.051561,0.0,-0.50717397
12.0,2350,398,0.522408,0.0513783,0.0,-0.50255348
12.0,2350,399,0.5250835,0.051194100000000006,0.0,-0.49802684
12.0,2350,400,0.5277590000000001,0.051008399999999995,0.0,-0.49345751
12.0,2350,401,0.530435,0.05082125,0.0,-0.48893926
12.0,2350,402,0.5331105,0.0506326,0.0,-0.48446254
12.0,2350,403,0.5357860000000001,0.0504425,0.0,-0.47993115
12.0,2350,404,0.5384615,0.050251000000000004,0.0,-0.47550188
12.0,2350,405,0.541137,0.05005805,0.0,-0.47102052
12.0,2350,406,0.5438130000000001,0.049863649999999995,0.0,-0.46660146
12.0,2350,407,0.5464885,0.0496679,0.0,-0.46220464
12.0,2350,408,0.549164,0.04947075,0.0,-0.45777871
12.0,2350,409,0.5518395,0.04927215,0.0,-0.45343702
12.0,2350,410,0.5545150000000001,0.049072199999999996,0.0,-0.44903276
12.0,2350,411,0.5571905,0.048870899999999995,0.0,-0.44472093
12.0,2350,412,0.559866,0.0486682,0.0,-0.44037154
12.0,2350,413,0.5625420000000001,0.04846415,0.0,-0.43606442
12.0,2350,414,0.5652175,0.04825875,0.0,-0.43178455
12.0,2350,415,0.567893,0.048052,0.0,-0.4274655
12.0,2350,416,0.5705685,0.047843949999999996,0.0,-0.42323451
12.0,2350,417,0.5732440000000001,0.0476346,0.0,-0.41895468
12.0,2350,418,0.57592,0.04742395,0.0,-0.41473228
12.0,2350,419,0.5785955,0.04721195,0.0,-0.41052708
12.0,2350,420,0.5812710000000001,0.04699865,0.0,-0.40627831
12.0,2350,421,0.5839465,0.0467841,0.0,-0.40212705
12.0,2350,422,0.586622,0.0465683,0.0,-0.39791152
12.0,2350,423,0.5892975,0.046351199999999995,0.0,-0.3937799
12.0,2350,424,0.5919730000000001,0.0461328,0.0,-0.38959421
12.0,2350,425,0.594649,0.0459132,0.0,-0.38547346
12.0,2350,426,0.5973245,0.04569234999999999,0.0,-0.38135976
12.0,2350,427,0.6000000000000001,0.045470250000000004,0.0,-0.37721662
12.0,2350,428,0.6026755,0.0452469,0.0,-0.37314589
12.0,2350,429,0.605351,0.04502235,0.0,-0.36903061
12.0,2350,430,0.6080270000000001,0.0447966,0.0,-0.3649685
12.0,2350,431,0.6107025,0.0445696,0.0,-0.36091831
12.0,2350,432,0.613378,0.0443414,0.0,-0.35683505
12.0,2350,433,0.6160535,0.044112,0.0,-0.35282622
12.0,2350,434,0.6187290000000001,0.0438814,0.0,-0.34876272
12.0,2350,435,0.6214045,0.0436496,0.0,-0.34477249
12.0,2350,436,0.62408,0.04341665,0.0,-0.34073943
12.0,2350,437,0.6267560000000001,0.0431825,0.0,-0.33675372
12.0,2350,438,0.6294315,0.0429472,0.0,-0.33278329
12.0,2350,439,0.632107,0.042710750000000006,0.0,-0.32877821
12.0,2350,440,0.6347825,0.0424731,0.0,-0.32484236
12.0,2350,441,0.6374580000000001,0.042234350000000004,0.0,-0.3208642
12.0,2350,442,0.640134,0.04199445,0.0,-0.31692599
12.0,2350,443,0.6428095,0.041753399999999996,0.0,-0.31301145
12.0,2350,444,0.6454850000000001,0.0415112,0.0,-0.30905388
12.0,2350,445,0.6481605,0.041267849999999995,0.0,-0.30516534
12.0,2350,446,0.650836,0.0410234,0.0,-0.30122388
12.0,2350,447,0.6535115,0.04077785,0.0,-0.29736068
12.0,2350,448,0.6561870000000001,0.04053115,0.0,-0.29344149
12.0,2350,449,0.658863,0.040283349999999996,0.0,-0.28957634
12.0,2350,450,0.6615385,0.04003445,0.0,-0.28571101
12.0,2350,451,0.6642140000000001,0.0397844,0.0,-0.28182628
12.0,2350,452,0.6668895,0.0395333,0.0,-0.27799299
12.0,2350,453,0.669565,0.0392811,0.0,-0.27412327
12.0,2350,454,0.6722410000000001,0.0390278,0.0,-0.27029533
12.0,2350,455,0.6749165,0.03877345,0.0,-0.26647712
12.0,2350,456,0.677592,0.038518,0.0,-0.26263234
12.0,2350,457,0.6802675,0.03826145,0.0,-0.25884259
12.0,2350,458,0.6829430000000001,0.0380038,0.0,-0.25500893
12.0,2350,459,0.685619,0.037745100000000004,0.0,-0.25121983
12.0,2350,460,0.6882945,0.03748535,0.0,-0.24744407
12.0,2350,461,0.6909700000000001,0.0372245,0.0,-0.24362534
12.0,2350,462,0.6936455,0.0369626,0.0,-0.2398826
12.0,2350,463,0.6963210000000001,0.03669965,0.0,-0.23607753
12.0,2350,464,0.6989965,0.03643565,0.0,-0.23234598
12.0,2350,465,0.7016720000000001,0.0361706,0.0,-0.22856171
12.0,2350,466,0.704348,0.035904500000000006,0.0,-0.22483104
12.0,2350,467,0.7070235,0.03563735,0.0,-0.22109934
12.0,2350,468,0.7096990000000001,0.03536915,0.0,-0.21733716
12.0,2350,469,0.7123745,0.0350999,0.0,-0.21363911
12.0,2350,470,0.71505,0.0348296,0.0,-0.20989244
12.0,2350,471,0.7177260000000001,0.0345583,0.0,-0.20618965
12.0,2350,472,0.7204015,0.034285949999999996,0.0,-0.20249812
12.0,2350,473,0.723077,0.03401255,0.0,-0.19877159
12.0,2350,474,0.7257525,0.0337381,0.0,-0.19510388
12.0,2350,475,0.7284280000000001,0.03346265,0.0,-0.1913937
12.0,2350,476,0.7311035,0.0331862,0.0,-0.18773875
12.0,2350,477,0.7337790000000001,0.03290865,0.0,-0.18404545
12.0,2350,478,0.7364550000000001,0.0326301,0.0,-0.1803894
12.0,2350,479,0.7391305,0.032350550000000006,0.0,-0.17674269
12.0,2350,480,0.741806,0.03206995,0.0,-0.17306838
12.0,2350,481,0.7444815,0.03178835,0.0,-0.16945028
12.0,2350,482,0.7471570000000001,0.0315057,0.0,-0.16578846
12.0,2350,483,0.749833,0.031222,0.0,-0.16217312
12.0,2350,484,0.7525085,0.030937350000000002,0.0,-0.1585586
12.0,2350,485,0.7551840000000001,0.03065165,0.0,-0.15492562
12.0,2350,486,0.7578595,0.0303649,0.0,-0.15133997
12.0,2350,487,0.760535,0.0300772,0.0,-0.14772086
12.0,2350,488,0.7632105,0.02978845,0.0,-0.14415132
12.0,2350,489,0.7658860000000001,0.02949865,0.0,-0.14054977
12.0,2350,490,0.7685620000000001,0.02920785,0.0,-0.13698492
12.0,2350,491,0.7712375,0.02891605,0.0,-0.13342749
12.0,2350,492,0.7739130000000001,0.028623250000000003,0.0,-0.12985229
12.0,2350,493,0.7765885,0.028329450000000003,0.0,-0.12632829
12.0,2350,494,0.779264,0.0280346,0.0,-0.12276839
12.0,2350,495,0.7819400000000001,0.027738699999999998,0.0,-0.11925068
12.0,2350,496,0.7846155,0.027441800000000002,0.0,-0.11573456
12.0,2350,497,0.787291,0.0271439,0.0,-0.11220798
12.0,2350,498,0.7899665,0.026845,0.0,-0.10872869
12.0,2350,499,0.7926420000000001,0.02654505,0.0,-0.10522032
12.0,2350,500,0.795318,0.0262441,0.0,-0.1017476
12.0,2350,501,0.7979935,0.02594215,0.0,-0.098290596
12.0,2350,502,0.8006690000000001,0.02563915,0.0,-0.09481448
12.0,2350,503,0.8033445,0.0253351,0.0,-0.091388924
12.0,2350,504,0.8060200000000001,0.02503005,0.0,-0.087931939
12.0,2350,505,0.8086955,0.024724000000000003,0.0,-0.084531996
12.0,2350,506,0.8113710000000001,0.0244169,0.0,-0.081104676
12.0,2350,507,0.814047,0.024108749999999998,0.0,-0.077716729
12.0,2350,508,0.8167225,0.023799550000000003,0.0,-0.074339058
12.0,2350,509,0.8193980000000001,0.023489350000000003,0.0,-0.070952499
12.0,2350,510,0.8220735,0.02317815,0.0,-0.067617482
12.0,2350,511,0.824749,0.0228659,0.0,-0.064259436
12.0,2350,512,0.8274250000000001,0.0225526,0.0,-0.060940546
12.0,2350,513,0.8301005,0.022238300000000003,0.0,-0.057640285
12.0,2350,514,0.832776,0.02192295,0.0,-0.054327757
12.0,2350,515,0.8354515,0.021606550000000002,0.0,-0.051072348
12.0,2350,516,0.8381270000000001,0.0212891,0.0,-0.047789679
12.0,2350,517,0.8408025,0.0209706,0.0,-0.044564957
12.0,2350,518,0.8434780000000001,0.020651049999999997,0.0,-0.041323292
12.0,2350,519,0.8461540000000001,0.02033045,0.0,-0.038123284
12.0,2350,520,0.8488295,0.0200088,0.0,-0.034939642
12.0,2350,521,0.851505,0.019686099999999998,0.0,-0.031758763
12.0,2350,522,0.8541805,0.01936235,0.0,-0.028622532
12.0,2350,523,0.8568560000000001,0.0190375,0.0,-0.025483084
12.0,2350,524,0.859532,0.018711600000000002,0.0,-0.022377051
12.0,2350,525,0.8622075,0.018384650000000002,0.0,-0.019299645
12.0,2350,526,0.8648830000000001,0.01805665,0.0,-0.016222754
12.0,2350,527,0.8675585,0.01772755,0.0,-0.013195307
12.0,2350,528,0.870234,0.01739735,0.0,-0.010162747
12.0,2350,529,0.8729095,0.0170661,0.0,-0.0071826049
12.0,2350,530,0.8755850000000001,0.01673375,0.0,-0.0042016036
12.0,2350,531,0.8782610000000001,0.0164003,0.0,-0.0012609244
12.0,2350,532,0.8809365,0.016065799999999998,0.0,0.0016518922
12.0,2350,533,0.8836120000000001,0.0157302,0.0,0.0045563147
12.0,2350,534,0.8862875,0.015393450000000001,0.0,0.0074104197
12.0,2350,535,0.888963,0.015055599999999999,0.0,0.010260156
12.0,2350,536,0.8916390000000001,0.01471665,0.0,0.013068444
12.0,2350,537,0.8943145,0.0143766,0.0,0.015846153
12.0,2350,538,0.89699,0.01403545,0.0,0.018609034
12.0,2350,539,0.8996655,0.013693199999999999,0.0,0.02132482
12.0,2350,540,0.9023410000000001,0.0133498,0.0,0.024027594
12.0,2350,541,0.905017,0.01300525,0.0,0.026689368
12.0,2350,542,0.9076925,0.0126596,0.0,0.029319896
12.0,2350,543,0.9103680000000001,0.012312799999999999,0.0,0.031930066
12.0,2350,544,0.9130435,0.011964849999999999,0.0,0.034492137
12.0,2350,545,0.9157190000000001,0.011615750000000001,0.0,0.037041251
12.0,2350,546,0.9183945,0.011265500000000001,0.0,0.03953631
12.0,2350,547,0.92107,0.0109141,0.0,0.042019799
12.0,2350,548,0.923746,0.01056155,0.0,0.044453678
12.0,2350,549,0.9264215,0.0102078,0.0,0.046860224
12.0,2350,550,0.9290970000000001,0.009852875,0.0,0.049235625
12.0,2350,551,0.9317725,0.009496810000000001,0.0,0.051568759
12.0,2350,552,0.934448,0.009139535,0.0,0.053876745
12.0,2350,553,0.9371240000000001,0.008781075,0.0,0.056143616
12.0,2350,554,0.9397995,0.008421419999999999,0.0,0.05837462
12.0,2350,555,0.942475,0.008060560000000001,0.0,0.06057798
12.0,2350,556,0.9451505,0.0076984950000000005,0.0,0.062734868
12.0,2350,557,0.9478260000000001,0.00733522,0.0,0.064868337
12.0,2350,558,0.9505015,0.006970724999999999,0.0,0.066954729
12.0,2350,559,0.953177,0.006605005,0.0,0.069015053
12.0,2350,560,0.9558530000000001,0.006238054999999999,0.0,0.07103391
12.0,2350,561,0.9585285,0.005869865,0.0,0.07301766
12.0,2350,562,0.961204,0.005500435,0.0,0.074968123
12.0,2350,563,0.9638795,0.005129755,0.0,0.076881702
12.0,2350,564,0.966555,0.004757819999999999,0.0,0.078754447
12.0,2350,565,0.969231,0.0043846200000000005,0.0,0.080610284
12.0,2350,566,0.9719065,0.0040101500000000005,0.0,0.082389009
12.0,2350,567,0.9745820000000001,0.0036344050000000003,0.0,0.084209846
12.0,2350,568,0.9772575,0.003257375,0.0,0.085858491
12.0,2350,569,0.9799329999999999,0.00287906,0.0,0.087708808
12.0,2350,570,0.9826085,0.0024994450000000003,0.0,0.08910896
12.0,2350,571,0.985284,0.002118525,0.0,0.091192604
12.0,2350,572,0.9879600000000001,0.001736295,0.0,0.091975938
12.0,2350,573,0.9906355,0.0013527449999999998,0.0,0.094904053
12.0,2350,574,0.993311,0.0009678689999999999,0.0,0.093922489
12.0,2350,575,0.9959865,0.0005816595,0.0,0.099572738
12.0,2350,576,0.9986619999999999,0.0001941105,0.0,0.092579013
12.0,2350,577,0.201338,-0.0574492,0.0,0.42331389
12.0,2350,578,0.20401350000000001,-0.0575982,0.0,0.41848477
12.0,2350,579,0.20668899999999998,-0.057741999999999995,0.0,0.4137395
12.0,2350,580,0.2093645,-0.0578807,0.0,0.40912044
12.0,2350,581,0.21204,-0.05801435,0.0,0.40456343
12.0,2350,582,0.214716,-0.058143,0.0,0.40018784
12.0,2350,583,0.21739150000000002,-0.05826675,0.0,0.39597008
12.0,2350,584,0.22006699999999998,-0.05838565,0.0,0.391929
12.0,2350,585,0.2227425,-0.058499800000000005,0.0,0.38812313
12.0,2350,586,0.225418,-0.058609299999999996,0.0,0.38445136
12.0,2350,587,0.2280935,-0.05871415,0.0,0.38094923
12.0,2350,588,0.230769,-0.058814450000000004,0.0,0.37745903
12.0,2350,589,0.23344499999999999,-0.0589103,0.0,0.3739153
12.0,2350,590,0.2361205,-0.0590017,0.0,0.37029135
12.0,2350,591,0.23879599999999998,-0.0590887,0.0,0.36657498
12.0,2350,592,0.2414715,-0.0591714,0.0,0.36289474
12.0,2350,593,0.244147,-0.0592499,0.0,0.35917612
12.0,2350,594,0.246823,-0.0593242,0.0,0.35552954
12.0,2350,595,0.2494985,-0.0593943,0.0,0.35193623
12.0,2350,596,0.252174,-0.05946035,0.0,0.34839446
12.0,2350,597,0.2548495,-0.0595224,0.0,0.34490755
12.0,2350,598,0.257525,-0.05958045,0.0,0.34147456
12.0,2350,599,0.2602005,-0.05963455,0.0,0.33813253
12.0,2350,600,0.262876,-0.05968475,0.0,0.33480276
12.0,2350,601,0.265552,-0.05973115,0.0,0.33154596
12.0,2350,602,0.2682275,-0.059773799999999995,0.0,0.32833346
12.0,2350,603,0.270903,-0.0598127,0.0,0.32516087
12.0,2350,604,0.2735785,-0.059847899999999996,0.0,0.32204998
12.0,2350,605,0.276254,-0.0598795,0.0,0.31898284
12.0,2350,606,0.27893,-0.05990745,0.0,0.31597325
12.0,2350,607,0.2816055,-0.05993185,0.0,0.31300757
12.0,2350,608,0.284281,-0.05995275,0.0,0.31007002
12.0,2350,609,0.2869565,-0.05997015,0.0,0.30718462
12.0,2350,610,0.289632,-0.05998415,0.0,0.30433596
12.0,2350,611,0.2923075,-0.059994750000000006,0.0,0.30153116
12.0,2350,612,0.294983,-0.060002,0.0,0.29877366
12.0,2350,613,0.297659,-0.0600059,0.0,0.29605923
12.0,2350,614,0.3003345,-0.06000655,0.0,0.29339468
12.0,2350,615,0.30301,-0.060004,0.0,0.29076544
12.0,2350,616,0.3056855,-0.0599982,0.0,0.28815572
12.0,2350,617,0.308361,-0.05998925,0.0,0.28559917
12.0,2350,618,0.311037,-0.05997715,0.0,0.28307044
12.0,2350,619,0.3137125,-0.05996195,0.0,0.28057773
12.0,2350,620,0.316388,-0.0599437,0.0,0.27814427
12.0,2350,621,0.3190635,-0.05992245,0.0,0.27571155
12.0,2350,622,0.321739,-0.059898200000000006,0.0,0.27333992
12.0,2350,623,0.324415,-0.059870950000000006,0.0,0.27100085
12.0,2350,624,0.3270905,-0.0598408,0.0,0.26868926
12.0,2350,625,0.329766,-0.05980775,0.0,0.26641608
12.0,2350,626,0.3324415,-0.0597718,0.0,0.26416498
12.0,2350,627,0.335117,-0.05973300000000001,0.0,0.26194918
12.0,2350,628,0.3377925,-0.05969145,0.0,0.25976193
12.0,2350,629,0.340468,-0.05964710000000001,0.0,0.25760672
12.0,2350,630,0.343144,-0.0596,0.0,0.25547449
12.0,2350,631,0.3458195,-0.0595502,0.0,0.25337507
12.0,2350,632,0.348495,-0.05949765,0.0,0.25131096
12.0,2350,633,0.3511705,-0.05944245,0.0,0.24928389
12.0,2350,634,0.353846,-0.05938465,0.0,0.24728259
12.0,2350,635,0.356522,-0.05932425,0.0,0.24528514
12.0,2350,636,0.3591975,-0.05926125,0.0,0.24331732
12.0,2350,637,0.361873,-0.05919565,0.0,0.24140513
12.0,2350,638,0.3645485,-0.0591275,0.0,0.23948445
12.0,2350,639,0.367224,-0.059056899999999996,0.0,0.23762548
12.0,2350,640,0.3698995,-0.0589838,0.0,0.23574029
12.0,2350,641,0.372575,-0.05890825,0.0,0.2339276
12.0,2350,642,0.375251,-0.0588303,0.0,0.23210103
12.0,2350,643,0.3779265,-0.058749850000000006,0.0,0.23030916
12.0,2350,644,0.380602,-0.05866705,0.0,0.22858079
12.0,2350,645,0.3832775,-0.0585819,0.0,0.22681803
12.0,2350,646,0.385953,-0.0584944,0.0,0.2251367
12.0,2350,647,0.388629,-0.0584046,0.0,0.22342201
12.0,2350,648,0.3913045,-0.0583125,0.0,0.22174104
12.0,2350,649,0.39398,-0.058218149999999996,0.0,0.22010558
12.0,2350,650,0.3966555,-0.0581215,0.0,0.21845623
12.0,2350,651,0.399331,-0.058022649999999995,0.0,0.21685436
12.0,2350,652,0.4020065,-0.0579216,0.0,0.21524987
12.0,2350,653,0.404682,-0.0578183,0.0,0.21368667
12.0,2350,654,0.407358,-0.05771285,0.0,0.21214049
12.0,2350,655,0.4100335,-0.0576053,0.0,0.2105855
12.0,2350,656,0.412709,-0.057495599999999994,0.0,0.2090944
12.0,2350,657,0.4153845,-0.0573838,0.0,0.20757298
12.0,2350,658,0.41806,-0.0572699,0.0,0.2061214
12.0,2350,659,0.420736,-0.057153899999999994,0.0,0.20464892
12.0,2350,660,0.4234115,-0.0570359,0.0,0.20319965
12.0,2350,661,0.426087,-0.056915850000000004,0.0,0.20179644
12.0,2350,662,0.4287625,-0.056793750000000004,0.0,0.20036412
12.0,2350,663,0.431438,-0.0566697,0.0,0.19899778
12.0,2350,664,0.434114,-0.05654365,0.0,0.19760149
12.0,2350,665,0.4367895,-0.05641565,0.0,0.19623633
12.0,2350,666,0.439465,-0.056285699999999994,0.0,0.19490564
12.0,2350,667,0.4421405,-0.056153800000000004,0.0,0.19356003
12.0,2350,668,0.444816,-0.05602005,0.0,0.19226932
12.0,2350,669,0.4474915,-0.0558844,0.0,0.19093198
12.0,2350,670,0.450167,-0.05574685,0.0,0.18967012
12.0,2350,671,0.452843,-0.0556074,0.0,0.18839811
12.0,2350,672,0.4555185,-0.05546615,0.0,0.18712896
12.0,2350,673,0.458194,-0.0553231,0.0,0.18590785
12.0,2350,674,0.4608695,-0.0551782,0.0,0.18465814
12.0,2350,675,0.463545,-0.0550315,0.0,0.18347262
12.0,2350,676,0.466221,-0.054883,0.0,0.18225492
12.0,2350,677,0.4688965,-0.05473275,0.0,0.18106067
12.0,2350,678,0.471572,-0.054580750000000004,0.0,0.17991403
12.0,2350,679,0.4742475,-0.054427,0.0,0.17872509
12.0,2350,680,0.476923,-0.05427155,0.0,0.1776101
12.0,2350,681,0.4795985,-0.05411440000000001,0.0,0.17643467
12.0,2350,682,0.482274,-0.05395555,0.0,0.17533864
12.0,2350,683,0.48495,-0.053794999999999996,0.0,0.17420655
12.0,2350,684,0.4876255,-0.0536328,0.0,0.17309699
12.0,2350,685,0.490301,-0.05346895,0.0,0.17202162
12.0,2350,686,0.4929765,-0.05330345,0.0,0.17092149
12.0,2350,687,0.495652,-0.05313635,0.0,0.16987795
12.0,2350,688,0.498328,-0.052967600000000004,0.0,0.16880151
12.0,2350,689,0.5010035,-0.05279725,0.0,0.16773879
12.0,2350,690,0.503679,-0.0526253,0.0,0.16674074
12.0,2350,691,0.5063545,-0.05245174999999999,0.0,0.16570173
12.0,2350,692,0.5090300000000001,-0.0522767,0.0,0.16470944
12.0,2350,693,0.5117055,-0.052100099999999996,0.0,0.16367466
12.0,2350,694,0.514381,-0.05192195,0.0,0.16270526
12.0,2350,695,0.517057,-0.05174225,0.0,0.16170796
12.0,2350,696,0.5197325,-0.05156100000000001,0.0,0.160715
12.0,2350,697,0.522408,-0.0513783,0.0,0.15979305
12.0,2350,698,0.5250835,-0.0511941,0.0,0.1587958
12.0,2350,699,0.5277590000000001,-0.051008399999999995,0.0,0.15788053
12.0,2350,700,0.530435,-0.050821250000000005,0.0,0.1569321
12.0,2350,701,0.5331105,-0.0506326,0.0,0.15597007
12.0,2350,702,0.535786,-0.0504425,0.0,0.15510398
12.0,2350,703,0.5384615,-0.050251000000000004,0.0,0.1541462
12.0,2350,704,0.541137,-0.05005804999999999,0.0,0.15328363
12.0,2350,705,0.5438130000000001,-0.04986365,0.0,0.15237006
12.0,2350,706,0.5464885,-0.0496679,0.0,0.15146027
12.0,2350,707,0.549164,-0.04947075,0.0,0.15061932
12.0,2350,708,0.5518395,-0.04927215,0.0,0.14970524
12.0,2350,709,0.554515,-0.049072199999999996,0.0,0.14889504
12.0,2350,710,0.5571905,-0.0488709,0.0,0.14800092
12.0,2350,711,0.559866,-0.048668199999999995,0.0,0.14718299
12.0,2350,712,0.5625420000000001,-0.048464150000000004,0.0,0.14633388
12.0,2350,713,0.5652175,-0.04825875,0.0,0.14548318
12.0,2350,714,0.567893,-0.048052,0.0,0.14471119
12.0,2350,715,0.5705685,-0.047843949999999996,0.0,0.14384947
12.0,2350,716,0.573244,-0.0476346,0.0,0.14307766
12.0,2350,717,0.57592,-0.04742395,0.0,0.14225325
12.0,2350,718,0.5785955,-0.047211949999999996,0.0,0.14143328
12.0,2350,719,0.5812710000000001,-0.04699865,0.0,0.14070529
12.0,2350,720,0.5839465,-0.0467841,0.0,0.1398686
12.0,2350,721,0.586622,-0.0465683,0.0,0.13914194
12.0,2350,722,0.5892975,-0.046351199999999995,0.0,0.13832325
12.0,2350,723,0.591973,-0.0461328,0.0,0.13761453
12.0,2350,724,0.594649,-0.0459132,0.0,0.1368289
12.0,2350,725,0.5973245,-0.04569235,0.0,0.13606017
12.0,2350,726,0.6000000000000001,-0.045470250000000004,0.0,0.13536084
12.0,2350,727,0.6026755,-0.0452469,0.0,0.13457953
12.0,2350,728,0.605351,-0.04502235,0.0,0.1338918
12.0,2350,729,0.608027,-0.04479659999999999,0.0,0.13313884
12.0,2350,730,0.6107025,-0.044569599999999994,0.0,0.1323989
12.0,2350,731,0.613378,-0.0443414,0.0,0.13173206
12.0,2350,732,0.6160535,-0.044112000000000005,0.0,0.13098003
12.0,2350,733,0.6187290000000001,-0.0438814,0.0,0.13032974
12.0,2350,734,0.6214045,-0.0436496,0.0,0.12959361
12.0,2350,735,0.62408,-0.04341665,0.0,0.12894802
12.0,2350,736,0.626756,-0.0431825,0.0,0.12824332
12.0,2350,737,0.6294315,-0.042947200000000005,0.0,0.12754255
12.0,2350,738,0.632107,-0.04271075,0.0,0.12691602
12.0,2350,739,0.6347825,-0.0424731,0.0,0.12620291
12.0,2350,740,0.6374580000000001,-0.042234350000000004,0.0,0.12558272
12.0,2350,741,0.640134,-0.041994449999999996,0.0,0.12490496
12.0,2350,742,0.6428095,-0.041753399999999996,0.0,0.12421835
12.0,2350,743,0.645485,-0.0415112,0.0,0.12361866
12.0,2350,744,0.6481605,-0.041267849999999995,0.0,0.12293901
12.0,2350,745,0.650836,-0.041023399999999995,0.0,0.12235574
12.0,2350,746,0.6535115,-0.04077785,0.0,0.12166841
12.0,2350,747,0.6561870000000001,-0.04053115,0.0,0.12108702
12.0,2350,748,0.658863,-0.04028335,0.0,0.12043892
12.0,2350,749,0.6615385,-0.04003445,0.0,0.11980548
12.0,2350,750,0.664214,-0.0397844,0.0,0.11923529
12.0,2350,751,0.6668895,-0.0395333,0.0,0.11858831
12.0,2350,752,0.669565,-0.0392811,0.0,0.118028
12.0,2350,753,0.6722410000000001,-0.0390278,0.0,0.11740428
12.0,2350,754,0.6749165,-0.03877345,0.0,0.11678562
12.0,2350,755,0.677592,-0.038518000000000004,0.0,0.1162373
12.0,2350,756,0.6802675,-0.03826145,0.0,0.11560683
12.0,2350,757,0.682943,-0.0380038,0.0,0.11508226
12.0,2350,758,0.6856190000000001,-0.0377451,0.0,0.11447953
12.0,2350,759,0.6882945,-0.03748535,0.0,0.11387887
12.0,2350,760,0.6909700000000001,-0.0372245,0.0,0.11338108
12.0,2350,761,0.6936455,-0.0369626,0.0,0.11275903
12.0,2350,762,0.696321,-0.03669965,0.0,0.11226161
12.0,2350,763,0.6989965,-0.03643565,0.0,0.11165831
12.0,2350,764,0.701672,-0.036170600000000004,0.0,0.11116176
12.0,2350,765,0.704348,-0.035904500000000006,0.0,0.11058116
12.0,2350,766,0.7070235,-0.03563735,0.0,0.11001732
12.0,2350,767,0.7096990000000001,-0.03536915,0.0,0.10954204
12.0,2350,768,0.7123745,-0.035099899999999996,0.0,0.10894732
12.0,2350,769,0.71505,-0.0348296,0.0,0.10848003
12.0,2350,770,0.717726,-0.0345583,0.0,0.10793086
12.0,2350,771,0.7204015,-0.034285949999999996,0.0,0.107377
12.0,2350,772,0.7230770000000001,-0.03401255,0.0,0.10692395
12.0,2350,773,0.7257525,-0.0337381,0.0,0.10636207
12.0,2350,774,0.7284280000000001,-0.03346265,0.0,0.10590872
12.0,2350,775,0.7311035,-0.0331862,0.0,0.10535713
12.0,2350,776,0.733779,-0.032908650000000005,0.0,0.10490788
12.0,2350,777,0.736455,-0.0326301,0.0,0.10439325
12.0,2350,778,0.7391305,-0.032350550000000006,0.0,0.10387827
12.0,2350,779,0.741806,-0.03206995,0.0,0.10345035
12.0,2350,780,0.7444815,-0.03178835,0.0,0.10291165
12.0,2350,781,0.7471570000000001,-0.031505700000000005,0.0,0.10249832
12.0,2350,782,0.749833,-0.031222,0.0,0.10199265
12.0,2350,783,0.7525085,-0.03093735,0.0,0.10151245
12.0,2350,784,0.755184,-0.030651650000000003,0.0,0.10109314
12.0,2350,785,0.7578595,-0.0303649,0.0,0.10059355
12.0,2350,786,0.7605350000000001,-0.030077200000000002,0.0,0.10019218
12.0,2350,787,0.7632105,-0.02978845,0.0,0.099688222
12.0,2350,788,0.7658860000000001,-0.02949865,0.0,0.09930408
12.0,2350,789,0.768562,-0.02920785,0.0,0.098836933
12.0,2350,790,0.7712375,-0.028916050000000002,0.0,0.098379929
12.0,2350,791,0.773913,-0.028623250000000003,0.0,0.098004649
12.0,2350,792,0.7765885,-0.02832945,0.0,0.097517742
12.0,2350,793,0.779264,-0.0280346,0.0,0.097156782
12.0,2350,794,0.7819400000000001,-0.0277387,0.0,0.096701867
12.0,2350,795,0.7846155,-0.0274418,0.0,0.096282649
12.0,2350,796,0.787291,-0.0271439,0.0,0.095929476
12.0,2350,797,0.7899665,-0.026845,0.0,0.095459858
12.0,2350,798,0.792642,-0.02654505,0.0,0.095126613
12.0,2350,799,0.7953180000000001,-0.0262441,0.0,0.094704
12.0,2350,800,0.7979935,-0.025942149999999997,0.0,0.094281991
12.0,2350,801,0.8006690000000001,-0.02563915,0.0,0.093953458
12.0,2350,802,0.8033445,-0.025335100000000003,0.0,0.093522178
12.0,2350,803,0.80602,-0.02503005,0.0,0.0932232
12.0,2350,804,0.8086955,-0.024724000000000003,0.0,0.092779618
12.0,2350,805,0.811371,-0.0244169,0.0,0.09248568
12.0,2350,806,0.814047,-0.02410875,0.0,0.092091564
12.0,2350,807,0.8167225,-0.023799550000000003,0.0,0.091721262
12.0,2350,808,0.8193980000000001,-0.02348935,0.0,0.091445564
12.0,2350,809,0.8220735,-0.023178149999999998,0.0,0.091037973
12.0,2350,810,0.824749,-0.0228659,0.0,0.090761147
12.0,2350,811,0.827425,-0.022552600000000003,0.0,0.090406071
12.0,2350,812,0.8301005,-0.0222383,0.0,0.090050036
12.0,2350,813,0.8327760000000001,-0.021922950000000004,0.0,0.089798791
12.0,2350,814,0.8354515,-0.02160655,0.0,0.089408836
12.0,2350,815,0.8381270000000001,-0.021289100000000002,0.0,0.089180693
12.0,2350,816,0.8408025,-0.0209706,0.0,0.088820313
12.0,2350,817,0.843478,-0.020651049999999997,0.0,0.088589602
12.0,2350,818,0.846154,-0.02033045,0.0,0.088266497
12.0,2350,819,0.8488295,-0.0200088,0.0,0.087961589
12.0,2350,820,0.851505,-0.019686099999999998,0.0,0.087748771
12.0,2350,821,0.8541805,-0.01936235,0.0,0.087415292
12.0,2350,822,0.8568560000000001,-0.0190375,0.0,0.087218452
12.0,2350,823,0.859532,-0.018711600000000002,0.0,0.086943484
12.0,2350,824,0.8622075,-0.01838465,0.0,0.086655301
12.0,2350,825,0.864883,-0.01805665,0.0,0.086483237
12.0,2350,826,0.8675585,-0.01772755,0.0,0.086179476
12.0,2350,827,0.8702340000000001,-0.01739735,0.0,0.086025506
12.0,2350,828,0.8729095,-0.0170661,0.0,0.085742682
12.0,2350,829,0.8755850000000001,-0.01673375,0.0,0.085593632
12.0,2350,830,0.878261,-0.0164003,0.0,0.085364315
12.0,2350,831,0.8809365,-0.0160658,0.0,0.085127076
12.0,2350,832,0.883612,-0.0157302,0.0,0.085009487
12.0,2350,833,0.8862875,-0.01539345,0.0,0.084751354
12.0,2350,834,0.888963,-0.0150556,0.0,0.084665987
12.0,2350,835,0.8916390000000001,-0.01471665,0.0,0.084457474
12.0,2350,836,0.8943145,-0.0143766,0.0,0.084276505
12.0,2350,837,0.89699,-0.01403545,0.0,0.084194678
12.0,2350,838,0.8996655,-0.013693199999999999,0.0,0.083987554
12.0,2350,839,0.902341,-0.013349800000000002,0.0,0.083919014
12.0,2350,840,0.9050170000000001,-0.013005250000000001,0.0,0.083768748
12.0,2350,841,0.9076925,-0.0126596,0.0,0.083617048
12.0,2350,842,0.9103680000000001,-0.012312799999999999,0.0,0.083590151
12.0,2350,843,0.9130435,-0.011964849999999999,0.0,0.083421983
12.0,2350,844,0.915719,-0.011615750000000001,0.0,0.083417143
12.0,2350,845,0.9183945,-0.0112655,0.0,0.08326705
12.0,2350,846,0.9210699999999999,-0.0109141,0.0,0.083286147
12.0,2350,847,0.923746,-0.01056155,0.0,0.083165677
12.0,2350,848,0.9264215,-0.0102078,0.0,0.083118309
12.0,2350,849,0.9290970000000001,-0.009852875,0.0,0.083133671
12.0,2350,850,0.9317725,-0.009496810000000001,0.0,0.083047241
12.0,2350,851,0.934448,-0.009139535,0.0,0.083094015
12.0,2350,852,0.937124,-0.008781075,0.0,0.083051667
12.0,2350,853,0.9397995,-0.008421419999999999,0.0,0.083021249
12.0,2350,854,0.9424750000000001,-0.008060560000000001,0.0,0.08310248
12.0,2350,855,0.9451505,-0.007698495000000001,0.0,0.083051911
12.0,2350,856,0.9478260000000001,-0.00733522,0.0,0.083151397
12.0,2350,857,0.9505015,-0.006970725,0.0,0.083118784
12.0,2350,858,0.9531769999999999,-0.006605004999999999,0.0,0.083223345
12.0,2350,859,0.955853,-0.006238055,0.0,0.083233464
12.0,2350,860,0.9585285,-0.005869864999999999,0.0,0.083248378
12.0,2350,861,0.961204,-0.005500435,0.0,0.083368093
12.0,2350,862,0.9638795,-0.005129755,0.0,0.083346627
12.0,2350,863,0.966555,-0.004757819999999999,0.0,0.083453526
12.0,2350,864,0.969231,-0.0043846200000000005,0.0,0.083450387
12.0,2350,865,0.9719065,-0.0040101500000000005,0.0,0.083429619
12.0,2350,866,0.974582,-0.003634405,0.0,0.083492647
12.0,2350,867,0.9772575,-0.003257375,0.0,0.083363309
12.0,2350,868,0.979933,-0.00287906,0.0,0.083342543
12.0,2350,869,0.9826085,-0.0024994450000000003,0.0,0.083047998
12.0,2350,870,0.985284,-0.002118525,0.0,0.082870265
12.0,2350,871,0.98796,-0.0017362950000000001,0.0,0.082095489
12.0,2350,872,0.9906355,-0.001352745,0.0,0.081730333
12.0,2350,873,0.9933109999999999,-0.000967869,0.0,0.078846076
12.0,2350,874,0.9959865,-0.0005816595,0.0,0.079546929
12.0,2350,875,0.9986619999999999,-0.0001941105,0.0,0.063241601
