face,x_over_c,y_over_c,z,Cp
0,0.19887,-0.0573073,0.0,-0.3858696
1,0.19661,-0.05717315,0.0,-0.3867694
2,0.19435049999999998,-0.05703515,0.0,-0.38771908
3,0.19209199999999998,-0.05689325,0.0,-0.38860491
4,0.189834,-0.056747399999999996,0.0,-0.38952452
5,0.1875775,-0.0565976,0.0,-0.3903699
6,0.18532300000000002,-0.056443850000000004,0.0,-0.39127796
7,0.18307,-0.0562861,0.0,-0.39210745
8,0.180819,-0.05612425,0.0,-0.3929568
9,0.1785705,-0.055958350000000004,0.0,-0.39376939
10,0.1763245,-0.05578835,0.0,-0.39458026
11,0.1740815,-0.0556142,0.0,-0.39535982
12,0.1718425,-0.055435899999999996,0.0,-0.39611167
13,0.169607,-0.055253399999999994,0.0,-0.3967887
14,0.167375,-0.055066699999999996,0.0,-0.39755384
15,0.1651475,-0.0548758,0.0,-0.39820709
16,0.1629245,-0.05468065,0.0,-0.39892612
17,0.1607055,-0.0544812,0.0,-0.3995218
18,0.158492,-0.054277450000000005,0.0,-0.40019748
19,0.156284,-0.054069400000000004,0.0,-0.40075781
20,0.15408100000000002,-0.053856999999999995,0.0,-0.40133396
21,0.1518845,-0.05364025,0.0,-0.40186316
22,0.149694,-0.05341915,0.0,-0.40239776
23,0.14750950000000002,-0.05319365,0.0,-0.4028742
24,0.14533200000000002,-0.0529637,0.0,-0.40332353
25,0.1431615,-0.05272935,0.0,-0.40373704
26,0.1409985,-0.0524906,0.0,-0.40411612
27,0.138843,-0.0522474,0.0,-0.40446662
28,0.136695,-0.0519997,0.0,-0.40479425
29,0.13455499999999998,-0.05174755,0.0,-0.40508409
30,0.1324235,-0.051490949999999994,0.0,-0.40530277
31,0.130301,-0.05122985,0.0,-0.40553302
32,0.128187,-0.05096425,0.0,-0.4057093
33,0.126082,-0.050694100000000006,0.0,-0.4057802
34,0.12398700000000001,-0.050419500000000006,0.0,-0.40588984
35,0.1219015,-0.0501404,0.0,-0.4059076
36,0.1198255,-0.049856750000000005,0.0,-0.40591995
37,0.11776,-0.049568600000000004,0.0,-0.40588454
38,0.1157055,-0.04927595,0.0,-0.40574264
39,0.1136615,-0.048978749999999995,0.0,-0.40561878
40,0.111628,-0.048677,0.0,-0.4053681
41,0.10960600000000001,-0.048370750000000004,0.0,-0.40513011
42,0.107596,-0.048060000000000005,0.0,-0.40478881
43,0.10559749999999998,-0.04774475,0.0,-0.40443116
44,0.10361100000000001,-0.04742500000000001,0.0,-0.40396631
45,0.101637,-0.047100699999999995,0.0,-0.40349523
46,0.0996755,-0.0467719,0.0,-0.40290012
47,0.09772685,-0.04643865,0.0,-0.40227678
48,0.09579114999999999,-0.0461009,0.0,-0.401556
49,0.0938688,-0.04575865,0.0,-0.40076513
50,0.09195999999999999,-0.04541195,0.0,-0.39993396
51,0.090065,-0.0450608,0.0,-0.3989925
52,0.08818405,-0.0447052,0.0,-0.39800911
53,0.08631734999999999,-0.04434515,0.0,-0.3968844
54,0.08446514999999999,-0.043980700000000005,0.0,-0.39573251
55,0.08262775,-0.043611849999999994,0.0,-0.3944589
56,0.08080535,-0.0432386,0.0,-0.39307812
57,0.07899809999999999,-0.042860999999999996,0.0,-0.39168
58,0.07720635,-0.04247905,0.0,-0.39015819
59,0.0754303,-0.0420928,0.0,-0.38855412
60,0.0736701,-0.0417022,0.0,-0.3868166
61,0.07192604999999999,-0.041307250000000004,0.0,-0.38490792
62,0.0701984,-0.04090805,0.0,-0.3829619
63,0.0684873,-0.0405046,0.0,-0.38092316
64,0.06679299999999999,-0.04009695,0.0,-0.37892837
65,0.0651157,-0.0396851,0.0,-0.37698192
66,0.0634556,-0.039269,0.0,-0.37534496
67,0.06181300000000001,-0.03884875,0.0,-0.37420795
68,0.06018805,-0.038424349999999996,0.0,-0.37357813
69,0.058580900000000005,-0.03799585,0.0,-0.3729122
70,0.0569918,-0.037563299999999994,0.0,-0.37164773
71,0.055421,-0.03712665,0.0,-0.36947203
72,0.053868650000000004,-0.036685949999999995,0.0,-0.36650204
73,0.052334950000000005,-0.03624125,0.0,-0.36285488
74,0.05082015,-0.0357926,0.0,-0.35880622
75,0.049324400000000004,-0.035339999999999996,0.0,-0.35447339
76,0.04784785,-0.034883449999999996,0.0,-0.34994297
77,0.04639075,-0.03442305,0.0,-0.345258
78,0.0449533,-0.0339588,0.0,-0.3403809
79,0.043535599999999994,-0.03349065,0.0,-0.3352905
80,0.0421379,-0.03301875,0.0,-0.32998452
81,0.04076035,-0.032543100000000005,0.0,-0.32445372
82,0.039403099999999996,-0.0320637,0.0,-0.3186594
83,0.0380664,-0.0315806,0.0,-0.31254338
84,0.0367504,-0.031093799999999998,0.0,-0.30610257
85,0.03545525,-0.0306034,0.0,-0.29932729
86,0.0341811,-0.0301094,0.0,-0.29224402
87,0.0329281,-0.029611850000000002,0.0,-0.2847562
88,0.03169645,-0.0291108,0.0,-0.27684876
89,0.0304863,-0.0286062,0.0,-0.26851818
90,0.0292978,-0.028098150000000002,0.0,-0.2597252
91,0.0281311,-0.0275867,0.0,-0.25043839
92,0.02698635,-0.0270718,0.0,-0.24062484
93,0.0258637,-0.0265536,0.0,-0.23027225
94,0.02476325,-0.0260321,0.0,-0.21940375
95,0.023685200000000003,-0.02550725,0.0,-0.20778756
96,0.02262965,-0.024979150000000002,0.0,-0.19559373
97,0.021596749999999998,-0.02444785,0.0,-0.18270324
98,0.020586649999999998,-0.0239134,0.0,-0.16909439
99,0.019599449999999997,-0.0233758,0.0,-0.15464717
100,0.018635350000000002,-0.022835099999999997,0.0,-0.1394248
101,0.0176944,-0.02229135,0.0,-0.12336835
102,0.01677665,-0.0217445,0.0,-0.1062822
103,0.01588235,-0.021194650000000002,0.0,-0.088297931
104,0.015011549999999999,-0.020641899999999998,0.0,-0.069348221
105,0.01416435,-0.0200862,0.0,-0.04920193
106,0.01334095,-0.01952755,0.0,-0.027941258
107,0.01254135,-0.0189661,0.0,-0.0056626316
108,0.011765649999999999,-0.018401849999999997,0.0,0.018026802
109,0.011014050000000001,-0.01783475,0.0,0.042973647
110,0.010286585,-0.0172649,0.0,0.069228912
111,0.009583305,-0.01669235,0.0,0.096844827
112,0.00890436,-0.016117100000000002,0.0,0.12591305
113,0.008249820000000001,-0.015539150000000002,0.0,0.15646142
114,0.0076197650000000006,-0.014958599999999999,0.0,0.18846355
115,0.007014275,-0.0143755,0.0,0.2219366
116,0.00643343,-0.0137898,0.0,0.25686716
117,0.00587731,-0.0132016,0.0,0.29329503
118,0.00534598,-0.012610900000000001,0.0,0.33105338
119,0.004839505,-0.01201775,0.0,0.37019649
120,0.004357955,-0.011422149999999999,0.0,0.41058295
121,0.0039013900000000002,-0.010824150000000001,0.0,0.45197843
122,0.003469865,-0.010223804999999999,0.0,0.49434622
123,0.003063435,-0.009621069999999999,0.0,0.53737764
124,0.0026821550000000003,-0.009016045,0.0,0.58082945
125,0.0023260800000000003,-0.008408735,0.0,0.62439826
126,0.00199525,-0.007799165,0.0,0.66772595
127,0.0016897,-0.00718737,0.0,0.71039997
128,0.0014094749999999999,-0.006573374999999999,0.0,0.75199085
129,0.00115461,-0.0059572,0.0,0.79202799
130,0.0009251400000000001,-0.005338875,0.0,0.83000968
131,0.0007210960000000001,-0.004718425,0.0,0.86542605
132,0.000542498,-0.004095875,0.0,0.89776684
133,0.00038937149999999996,-0.00347125,0.0,0.92654364
134,0.0002617365,-0.0028445750000000002,0.0,0.95129698
135,0.000159609,-0.002215875,0.0,0.97161644
136,8.300205e-05,-0.001585165,0.0,0.98715884
137,3.192525e-05,-0.0009524705,0.0,0.99766178
138,6.3852e-06,-0.0003178155,0.0,1.0029051
139,6.3852e-06,0.0003178155,0.0,1.0028144
140,3.192525e-05,0.0009524705000000001,0.0,0.9973896
141,8.300204999999999e-05,0.001585165,0.0,0.98670756
142,0.000159609,0.002215875,0.0,0.97099093
143,0.0002617365,0.0028445750000000002,0.0,0.95050196
144,0.00038937149999999996,0.00347125,0.0,0.92558631
145,0.000542498,0.004095875,0.0,0.8966544
146,0.0007210960000000001,0.004718425,0.0,0.86416793
147,0.0009251400000000001,0.005338875,0.0,0.8286147
148,0.00115461,0.005957199999999999,0.0,0.79050721
149,0.001409475,0.006573374999999999,0.0,0.75035388
150,0.0016896999999999997,0.00718737,0.0,0.7086583
151,0.00199525,0.007799165,0.0,0.66588965
152,0.0023260800000000003,0.008408735,0.0,0.62247865
153,0.0026821550000000003,0.009016045,0.0,0.57883584
154,0.0030634349999999998,0.009621069999999999,0.0,0.53531991
155,0.003469865,0.010223804999999999,0.0,0.49223453
156,0.0039013900000000002,0.010824150000000001,0.0,0.44982075
157,0.004357955,0.011422149999999999,0.0,0.40838832
158,0.004839505,0.01201775,0.0,0.36797149
159,0.00534598,0.012610900000000001,0.0,0.32880557
160,0.00587731,0.0132016,0.0,0.29102989
161,0.00643343,0.013789800000000001,0.0,0.25459204
162,0.007014275,0.0143755,0.0,0.21965314
163,0.0076197650000000006,0.014958599999999999,0.0,0.18617727
164,0.008249820000000001,0.01553915,0.0,0.15418015
165,0.00890436,0.016117100000000002,0.0,0.12363714
166,0.009583305,0.01669235,0.0,0.094577547
167,0.010286585,0.0172649,0.0,0.066973319
168,0.011014050000000001,0.01783475,0.0,0.040732033
169,0.011765649999999999,0.018401849999999997,0.0,0.015801179
170,0.01254135,0.0189661,0.0,-0.0078707319
171,0.01334095,0.01952755,0.0,-0.030130128
172,0.01416435,0.0200862,0.0,-0.051370678
173,0.015011549999999999,0.020641899999999998,0.0,-0.071495563
174,0.01588235,0.021194650000000002,0.0,-0.090423191
175,0.01677665,0.0217445,0.0,-0.10838471
176,0.0176944,0.02229135,0.0,-0.1254479
177,0.018635350000000002,0.0228351,0.0,-0.14148053
178,0.019599449999999997,0.023375800000000002,0.0,-0.15667924
179,0.020586649999999998,0.023913399999999998,0.0,-0.17110247
180,0.021596749999999998,0.02444785,0.0,-0.1846874
181,0.02262965,0.02497915,0.0,-0.19755364
182,0.0236852,0.02550725,0.0,-0.20972372
183,0.02476325,0.0260321,0.0,-0.2213162
184,0.025863699999999996,0.0265536,0.0,-0.23216097
185,0.02698635,0.0270718,0.0,-0.24249023
186,0.0281311,0.0275867,0.0,-0.25228063
187,0.0292978,0.028098150000000002,0.0,-0.26154464
188,0.0304863,0.028606200000000002,0.0,-0.27031516
189,0.03169645,0.0291108,0.0,-0.27862365
190,0.0329281,0.029611850000000002,0.0,-0.28650936
191,0.0341811,0.0301094,0.0,-0.29397594
192,0.03545525,0.0306034,0.0,-0.30103838
193,0.0367504,0.031093799999999998,0.0,-0.30779341
194,0.0380664,0.0315806,0.0,-0.31421449
195,0.039403099999999996,0.0320637,0.0,-0.3203114
196,0.04076035,0.032543100000000005,0.0,-0.32608729
197,0.04213789999999999,0.03301875,0.0,-0.33160044
198,0.0435356,0.03349065,0.0,-0.33688962
199,0.0449533,0.0339588,0.0,-0.34196421
200,0.04639075000000001,0.03442305,0.0,-0.34682646
201,0.04784785,0.034883449999999996,0.0,-0.35149741
202,0.049324400000000004,0.035339999999999996,0.0,-0.35601376
203,0.050820149999999994,0.0357926,0.0,-0.36033069
204,0.052334950000000005,0.03624125,0.0,-0.36435713
205,0.053868650000000004,0.036685949999999995,0.0,-0.36797253
206,0.055421,0.03712665,0.0,-0.37089706
207,0.0569918,0.037563299999999994,0.0,-0.37301975
208,0.058580900000000005,0.03799585,0.0,-0.37423192
209,0.06018804999999999,0.038424349999999996,0.0,-0.37485766
210,0.061813,0.03884875,0.0,-0.37547945
211,0.0634556,0.039269,0.0,-0.37663683
212,0.0651157,0.0396851,0.0,-0.37829063
213,0.06679299999999999,0.04009695,0.0,-0.38024298
214,0.0684873,0.0405046,0.0,-0.38223364
215,0.0701984,0.04090805,0.0,-0.38426324
216,0.07192604999999999,0.041307250000000004,0.0,-0.38619748
217,0.0736701,0.0417022,0.0,-0.38809284
218,0.0754303,0.0420928,0.0,-0.38981707
219,0.07720635,0.04247905,0.0,-0.39140828
220,0.07899809999999999,0.042860999999999996,0.0,-0.39291709
221,0.08080535,0.0432386,0.0,-0.39430389
222,0.08262775,0.04361185,0.0,-0.3956733
223,0.08446514999999999,0.0439807,0.0,-0.39693547
224,0.08631734999999999,0.04434515,0.0,-0.3980759
225,0.08818405000000001,0.0447052,0.0,-0.39918936
226,0.090065,0.045060800000000005,0.0,-0.40016164
227,0.09196,0.04541194999999999,0.0,-0.40109292
228,0.0938688,0.04575865,0.0,-0.40191369
229,0.09579114999999999,0.0461009,0.0,-0.40269444
230,0.09772685,0.04643865,0.0,-0.40340475
231,0.0996755,0.0467719,0.0,-0.4040182
232,0.101637,0.047100699999999995,0.0,-0.404603
233,0.10361100000000001,0.047425,0.0,-0.40506435
234,0.1055975,0.04774475,0.0,-0.40551971
235,0.107596,0.048060000000000005,0.0,-0.40586812
236,0.10960600000000001,0.048370750000000004,0.0,-0.40619993
237,0.111628,0.048677,0.0,-0.40642888
238,0.1136615,0.04897875,0.0,-0.4066705
239,0.11570550000000002,0.04927595,0.0,-0.40678546
240,0.11776,0.049568600000000004,0.0,-0.40691855
241,0.1198255,0.049856750000000005,0.0,-0.4069455
242,0.1219015,0.0501404,0.0,-0.40692486
243,0.123987,0.0504195,0.0,-0.40689874
244,0.126082,0.050694100000000006,0.0,-0.40678093
245,0.128187,0.05096425,0.0,-0.4067022
246,0.130301,0.05122985,0.0,-0.40651796
247,0.1324235,0.051490949999999994,0.0,-0.40627993
248,0.13455499999999998,0.05174755,0.0,-0.4060538
249,0.136695,0.0519997,0.0,-0.40575656
250,0.138843,0.0522474,0.0,-0.40542164
251,0.1409985,0.0524906,0.0,-0.40506388
252,0.1431615,0.05272935,0.0,-0.40467765
253,0.14533200000000002,0.0529637,0.0,-0.40425722
254,0.14750950000000002,0.05319365,0.0,-0.40380108
255,0.149694,0.05341915,0.0,-0.40331791
256,0.1518845,0.05364025,0.0,-0.40277676
257,0.15408100000000002,0.053857,0.0,-0.40224103
258,0.156284,0.0540694,0.0,-0.40165842
259,0.158492,0.054277450000000005,0.0,-0.40109183
260,0.1607055,0.0544812,0.0,-0.4004099
261,0.1629245,0.05468065,0.0,-0.39980814
262,0.1651475,0.0548758,0.0,-0.39908298
263,0.167375,0.055066699999999996,0.0,-0.39842377
264,0.169607,0.055253399999999994,0.0,-0.39765281
265,0.1718425,0.055435899999999996,0.0,-0.39697009
266,0.1740815,0.0556142,0.0,-0.39621258
267,0.1763245,0.05578835,0.0,-0.39542738
268,0.1785705,0.055958350000000004,0.0,-0.39461097
269,0.180819,0.05612425,0.0,-0.39379297
270,0.18307,0.05628609999999999,0.0,-0.39293823
271,0.18532300000000002,0.056443850000000004,0.0,-0.39210348
272,0.1875775,0.0565976,0.0,-0.39119016
273,0.189834,0.0567474,0.0,-0.39033965
274,0.19209199999999998,0.05689325,0.0,-0.38941494
275,0.19435049999999998,0.05703515,0.0,-0.38852415
276,0.19661,0.05717315,0.0,-0.38756951
277,0.19887,0.0573073,0.0,-0.38666484
278,0.20133800000000002,0.0574492,0.0,-0.38550061
279,0.2040135,0.0575982,0.0,-0.38440214
280,0.206689,0.057742,0.0,-0.3832754
281,0.2093645,0.0578807,0.0,-0.38203503
282,0.21204,0.05801435,0.0,-0.38090013
283,0.21471600000000002,0.05814299999999999,0.0,-0.37964014
284,0.21739150000000002,0.05826674999999999,0.0,-0.37839229
285,0.220067,0.05838565,0.0,-0.37717268
286,0.22274249999999998,0.058499800000000005,0.0,-0.37586177
287,0.225418,0.0586093,0.0,-0.37464104
288,0.2280935,0.05871415,0.0,-0.37332069
289,0.230769,0.05881445,0.0,-0.37204993
290,0.233445,0.0589103,0.0,-0.37074045
291,0.2361205,0.059001700000000004,0.0,-0.36940682
292,0.238796,0.0590887,0.0,-0.3681258
293,0.24147149999999998,0.0591714,0.0,-0.3667191
294,0.244147,0.0592499,0.0,-0.36542827
295,0.24682300000000001,0.0593242,0.0,-0.36406186
296,0.24949849999999998,0.059394300000000004,0.0,-0.36268006
297,0.252174,0.059460349999999995,0.0,-0.36130612
298,0.2548495,0.0595224,0.0,-0.35992622
299,0.257525,0.05958045,0.0,-0.35856707
300,0.2602005,0.05963455,0.0,-0.35713435
301,0.262876,0.05968475,0.0,-0.35575435
302,0.265552,0.05973115,0.0,-0.35431727
303,0.2682275,0.0597738,0.0,-0.35290953
304,0.270903,0.059812699999999996,0.0,-0.35149884
305,0.2735785,0.059847899999999996,0.0,-0.35006336
306,0.276254,0.0598795,0.0,-0.3486369
307,0.27893,0.05990745,0.0,-0.347195
308,0.2816055,0.059931849999999995,0.0,-0.34574245
309,0.284281,0.05995275,0.0,-0.34429473
310,0.2869565,0.05997015,0.0,-0.34282561
311,0.289632,0.05998415,0.0,-0.34136836
312,0.2923075,0.05999475,0.0,-0.33990825
313,0.294983,0.060002,0.0,-0.33843421
314,0.297659,0.0600059,0.0,-0.33695827
315,0.3003345,0.06000655,0.0,-0.33547976
316,0.30301,0.060004,0.0,-0.33399668
317,0.3056855,0.0599982,0.0,-0.33253367
318,0.308361,0.05998925,0.0,-0.33103217
319,0.311037,0.05997715,0.0,-0.3295401
320,0.3137125,0.05996195,0.0,-0.32805633
321,0.316388,0.0599437,0.0,-0.32652963
322,0.3190635,0.05992245,0.0,-0.32505492
323,0.321739,0.0598982,0.0,-0.32354343
324,0.324415,0.059870950000000006,0.0,-0.32203656
325,0.3270905,0.059840800000000006,0.0,-0.320532
326,0.329766,0.05980775000000001,0.0,-0.31901622
327,0.3324415,0.0597718,0.0,-0.3175087
328,0.335117,0.059733,0.0,-0.31598333
329,0.3377925,0.05969145000000001,0.0,-0.31447044
330,0.340468,0.0596471,0.0,-0.31294839
331,0.343144,0.0596,0.0,-0.31143849
332,0.3458195,0.0595502,0.0,-0.3099237
333,0.348495,0.05949765,0.0,-0.30840094
334,0.3511705,0.059442449999999994,0.0,-0.3068718
335,0.353846,0.05938465,0.0,-0.30534097
336,0.356522,0.05932425,0.0,-0.30383785
337,0.3591975,0.05926125,0.0,-0.30232684
338,0.361873,0.05919565,0.0,-0.30077092
339,0.3645485,0.0591275,0.0,-0.29925786
340,0.367224,0.059056899999999996,0.0,-0.29769407
341,0.3698995,0.0589838,0.0,-0.29620102
342,0.372575,0.05890825000000001,0.0,-0.2946421
343,0.375251,0.0588303,0.0,-0.2931356
344,0.3779265,0.05874985,0.0,-0.29161447
345,0.380602,0.05866705,0.0,-0.29004284
346,0.3832775,0.05858189999999999,0.0,-0.28854967
347,0.385953,0.0584944,0.0,-0.28697469
348,0.388629,0.0584046,0.0,-0.28546878
349,0.3913045,0.0583125,0.0,-0.283953
350,0.39398,0.05821815,0.0,-0.28239874
351,0.3966555,0.058121500000000006,0.0,-0.28089229
352,0.399331,0.05802265,0.0,-0.27934806
353,0.4020065,0.057921600000000004,0.0,-0.27783484
354,0.404682,0.0578183,0.0,-0.27628959
355,0.407358,0.057712849999999996,0.0,-0.27475219
356,0.4100335,0.0576053,0.0,-0.2732524
357,0.412709,0.057495599999999994,0.0,-0.27168728
358,0.4153845,0.0573838,0.0,-0.2701973
359,0.41806,0.0572699,0.0,-0.26863329
360,0.420736,0.057153899999999994,0.0,-0.2671234
361,0.4234115,0.0570359,0.0,-0.26560724
362,0.426087,0.056915850000000004,0.0,-0.2640494
363,0.4287625,0.056793750000000004,0.0,-0.26255631
364,0.431438,0.0566697,0.0,-0.26099812
365,0.434114,0.05654365,0.0,-0.25949692
366,0.4367895,0.05641565,0.0,-0.25797807
367,0.439465,0.056285699999999994,0.0,-0.25643324
368,0.4421405,0.056153800000000004,0.0,-0.25493265
369,0.444816,0.05602005,0.0,-0.25338156
370,0.4474915,0.0558844,0.0,-0.25191112
371,0.450167,0.05574685,0.0,-0.25036444
372,0.452843,0.0556074,0.0,-0.24885004
373,0.4555185,0.055466150000000006,0.0,-0.24735458
374,0.458194,0.0553231,0.0,-0.24581556
375,0.4608695,0.0551782,0.0,-0.24433252
376,0.463545,0.0550315,0.0,-0.24278424
377,0.466221,0.054883,0.0,-0.24129076
378,0.4688965,0.054732750000000004,0.0,-0.23979045
379,0.471572,0.05458075,0.0,-0.23824127
380,0.4742475,0.054427,0.0,-0.23676651
381,0.476923,0.05427155,0.0,-0.23521212
382,0.4795985,0.0541144,0.0,-0.23375124
383,0.482274,0.053955550000000005,0.0,-0.23220613
384,0.48495,0.053794999999999996,0.0,-0.23072166
385,0.4876255,0.0536328,0.0,-0.2292245
386,0.490301,0.05346895,0.0,-0.2277019
387,0.4929765,0.05330345,0.0,-0.22622455
388,0.495652,0.05313635,0.0,-0.22469364
389,0.498328,0.052967600000000004,0.0,-0.22321412
390,0.5010035,0.052797250000000004,0.0,-0.22173805
391,0.503679,0.0526253,0.0,-0.22019443
392,0.5063545,0.05245175,0.0,-0.21872154
393,0.5090300000000001,0.052276699999999995,0.0,-0.21719959
394,0.5117055,0.0521001,0.0,-0.21574524
395,0.514381,0.051921949999999994,0.0,-0.21422346
396,0.5170570000000001,0.051742250000000004,0.0,-0.21274511
397,0.5197325,0.051561,0.0,-0.2112768
398,0.522408,0.0513783,0.0,-0.209735
399,0.5250835,0.051194100000000006,0.0,-0.20829497
400,0.5277590000000001,0.051008399999999995,0.0,-0.20676847
401,0.530435,0.05082125,0.0,-0.20529223
402,0.5331105,0.0506326,0.0,-0.2038423
403,0.5357860000000001,0.0504425,0.0,-0.20229108
404,0.5384615,0.050251000000000004,0.0,-0.20085864
405,0.541137,0.05005805,0.0,-0.19932494
406,0.5438130000000001,0.049863649999999995,0.0,-0.19786089
407,0.5464885,0.0496679,0.0,-0.19640307
408,0.549164,0.04947075,0.0,-0.19487729
409,0.5518395,0.04927215,0.0,-0.19344804
410,0.5545150000000001,0.049072199999999996,0.0,-0.19190612
411,0.5571905,0.048870899999999995,0.0,-0.19047398
412,0.559866,0.0486682,0.0,-0.18896219
413,0.5625420000000001,0.04846415,0.0,-0.18749344
414,0.5652175,0.04825875,0.0,-0.18603793
415,0.567893,0.048052,0.0,-0.1844998
416,0.5705685,0.047843949999999996,0.0,-0.18307413
417,0.5732440000000001,0.0476346,0.0,-0.1815538
418,0.57592,0.04742395,0.0,-0.18010109
419,0.5785955,0.04721195,0.0,-0.17865151
420,0.5812710000000001,0.04699865,0.0,-0.1771082
421,0.5839465,0.0467841,0.0,-0.17569496
422,0.586622,0.0465683,0.0,-0.17416334
423,0.5892975,0.046351199999999995,0.0,-0.17274269
424,0.5919730000000001,0.0461328,0.0,-0.17120756
425,0.594649,0.0459132,0.0,-0.16976267
426,0.5973245,0.04569234999999999,0.0,-0.16830539
427,0.6000000000000001,0.045470250000000004,0.0,-0.16677844
428,0.6026755,0.0452469,0.0,-0.16534911
429,0.605351,0.04502235,0.0,-0.16382306
430,0.6080270000000001,0.0447966,0.0,-0.16237311
431,0.6107025,0.0445696,0.0,-0.16091593
432,0.613378,0.0443414,0.0,-0.15938596
433,0.6160535,0.044112,0.0,-0.15795653
434,0.6187290000000001,0.0438814,0.0,-0.15642057
435,0.6214045,0.0436496,0.0,-0.15498485
436,0.62408,0.04341665,0.0,-0.15345651
437,0.6267560000000001,0.0431825,0.0,-0.15199318
438,0.6294315,0.0429472,0.0,-0.15053288
439,0.632107,0.042710750000000006,0.0,-0.14899548
440,0.6347825,0.0424731,0.0,-0.14755642
441,0.6374580000000001,0.042234350000000004,0.0,-0.14602203
442,0.640134,0.04199445,0.0,-0.14455079
443,0.6428095,0.041753399999999996,0.0,-0.14309461
444,0.6454850000000001,0.0415112,0.0,-0.1415507
445,0.6481605,0.041267849999999995,0.0,-0.14009872
446,0.650836,0.0410234,0.0,-0.13854582
447,0.6535115,0.04077785,0.0,-0.13710804
448,0.6561870000000001,0.04053115,0.0,-0.13555932
449,0.658863,0.040283349999999996,0.0,-0.13408544
450,0.6615385,0.04003445,0.0,-0.13259651
451,0.6642140000000001,0.0397844,0.0,-0.13104765
452,0.6668895,0.0395333,0.0,-0.12957907
453,0.669565,0.0392811,0.0,-0.12802418
454,0.6722410000000001,0.0390278,0.0,-0.12653407
455,0.6749165,0.03877345,0.0,-0.12504244
456,0.677592,0.038518,0.0,-0.12348053
457,0.6802675,0.03826145,0.0,-0.12200509
458,0.6829430000000001,0.0380038,0.0,-0.12042367
459,0.685619,0.037745100000000004,0.0,-0.11892064
460,0.6882945,0.03748535,0.0,-0.11741879
461,0.6909700000000001,0.0372245,0.0,-0.11581437
462,0.6936455,0.0369626,0.0,-0.11433713
463,0.6963210000000001,0.03669965,0.0,-0.11273147
464,0.6989965,0.03643565,0.0,-0.11123655
465,0.7016720000000001,0.0361706,0.0,-0.10963102
466,0.704348,0.035904500000000006,0.0,-0.10811004
467,0.7070235,0.03563735,0.0,-0.10657121
468,0.7096990000000001,0.03536915,0.0,-0.10494585
469,0.7123745,0.0350999,0.0,-0.10343693
470,0.71505,0.0348296,0.0,-0.10180269
471,0.7177260000000001,0.0345583,0.0,-0.10024615
472,0.7204015,0.034285949999999996,0.0,-0.098693387
473,0.723077,0.03401255,0.0,-0.097042116
474,0.7257525,0.0337381,0.0,-0.095496436
475,0.7284280000000001,0.03346265,0.0,-0.09384272
476,0.7311035,0.0331862,0.0,-0.092283467
477,0.7337790000000001,0.03290865,0.0,-0.09062304
478,0.7364550000000001,0.0326301,0.0,-0.089023209
479,0.7391305,0.032350550000000006,0.0,-0.087421374
480,0.741806,0.03206995,0.0,-0.085733825
481,0.7444815,0.03178835,0.0,-0.084149288
482,0.7471570000000001,0.0315057,0.0,-0.08244181
483,0.749833,0.031222,0.0,-0.080817868
484,0.7525085,0.030937350000000002,0.0,-0.079167052
485,0.7551840000000001,0.03065165,0.0,-0.077453124
486,0.7578595,0.0303649,0.0,-0.075813419
487,0.760535,0.0300772,0.0,-0.074074997
488,0.7632105,0.02978845,0.0,-0.072427346
489,0.7658860000000001,0.02949865,0.0,-0.070665604
490,0.7685620000000001,0.02920785,0.0,-0.068972774
491,0.7712375,0.02891605,0.0,-0.067266333
492,0.7739130000000001,0.028623250000000003,0.0,-0.065478784
493,0.7765885,0.028329450000000003,0.0,-0.063788563
494,0.779264,0.0280346,0.0,-0.061974413
495,0.7819400000000001,0.027738699999999998,0.0,-0.060239188
496,0.7846155,0.027441800000000002,0.0,-0.05846518
497,0.787291,0.0271439,0.0,-0.056624372
498,0.7899665,0.026845,0.0,-0.054879481
499,0.7926420000000001,0.02654505,0.0,-0.05300525
500,0.795318,0.0262441,0.0,-0.051199924
501,0.7979935,0.02594215,0.0,-0.049387048
502,0.8006690000000001,0.02563915,0.0,-0.047480535
503,0.8033445,0.0253351,0.0,-0.045659021
504,0.8060200000000001,0.02503005,0.0,-0.043707903
505,0.8086955,0.024724000000000003,0.0,-0.041874273
506,0.8113710000000001,0.0244169,0.0,-0.039900055
507,0.814047,0.024108749999999998,0.0,-0.038000435
508,0.8167225,0.023799550000000003,0.0,-0.036070382
509,0.8193980000000001,0.023489350000000003,0.0,-0.034048115
510,0.8220735,0.02317815,0.0,-0.03212775
511,0.824749,0.0228659,0.0,-0.030079476
512,0.8274250000000001,0.0225526,0.0,-0.028086403
513,0.8301005,0.022238300000000003,0.0,-0.02608154
514,0.832776,0.02192295,0.0,-0.023971132
515,0.8354515,0.021606550000000002,0.0,-0.021966429
516,0.8381270000000001,0.0212891,0.0,-0.019805482
517,0.8408025,0.0209706,0.0,-0.017744331
518,0.8434780000000001,0.020651049999999997,0.0,-0.015554329
519,0.8461540000000001,0.02033045,0.0,-0.013423469
520,0.8488295,0.0200088,0.0,-0.011259966
521,0.851505,0.019686099999999998,0.0,-0.0090030578
522,0.8541805,0.01936235,0.0,-0.0068240924
523,0.8568560000000001,0.0190375,0.0,-0.0045158216
524,0.859532,0.018711600000000002,0.0,-0.0022468
525,0.8622075,0.018384650000000002,0.0,3.1404714e-05
526,0.8648830000000001,0.01805665,0.0,0.0024251957
527,0.8675585,0.01772755,0.0,0.004737568
528,0.870234,0.01739735,0.0,0.0071941803
529,0.8729095,0.0170661,0.0,0.0095721911
530,0.8755850000000001,0.01673375,0.0,0.012083226
531,0.8782610000000001,0.0164003,0.0,0.014559751
532,0.8809365,0.016065799999999998,0.0,0.017057703
533,0.8836120000000001,0.0157302,0.0,0.019677908
534,0.8862875,0.015393450000000001,0.0,0.0222201
535,0.888963,0.015055599999999999,0.0,0.02492334
536,0.8916390000000001,0.01471665,0.0,0.027571933
537,0.8943145,0.0143766,0.0,0.030270305
538,0.89699,0.01403545,0.0,0.033078925
539,0.8996655,0.013693199999999999,0.0,0.035832343
540,0.9023410000000001,0.0133498,0.0,0.038725244
541,0.905017,0.01300525,0.0,0.041599534
542,0.9076925,0.0126596,0.0,0.044515959
543,0.9103680000000001,0.012312799999999999,0.0,0.047561523
544,0.9130435,0.011964849999999999,0.0,0.050553493
545,0.9157190000000001,0.011615750000000001,0.0,0.053710459
546,0.9183945,0.011265500000000001,0.0,0.056810239
547,0.92107,0.0109141,0.0,0.060084092
548,0.923746,0.01056155,0.0,0.06331556
549,0.9264215,0.0102078,0.0,0.066653298
550,0.9290970000000001,0.009852875,0.0,0.070088774
551,0.9317725,0.009496810000000001,0.0,0.07352186
552,0.934448,0.009139535,0.0,0.077105039
553,0.9371240000000001,0.008781075,0.0,0.080701111
554,0.9397995,0.008421419999999999,0.0,0.084374861
555,0.942475,0.008060560000000001,0.0,0.088193416
556,0.9451505,0.0076984950000000005,0.0,0.092007422
557,0.9478260000000001,0.00733522,0.0,0.096000107
558,0.9505015,0.006970724999999999,0.0,0.099997476
559,0.953177,0.006605005,0.0,0.10417019
560,0.9558530000000001,0.006238054999999999,0.0,0.10838869
561,0.9585285,0.005869865,0.0,0.11271126
562,0.961204,0.005500435,0.0,0.11720513
563,0.9638795,0.005129755,0.0,0.12173748
564,0.966555,0.004757819999999999,0.0,0.12646867
565,0.969231,0.0043846200000000005,0.0,0.13128223
566,0.9719065,0.0040101500000000005,0.0,0.13623267
567,0.9745820000000001,0.0036344050000000003,0.0,0.14139629
568,0.9772575,0.003257375,0.0,0.14663652
569,0.9799329999999999,0.00287906,0.0,0.15216276
570,0.9826085,0.0024994450000000003,0.0,0.15774828
571,0.985284,0.002118525,0.0,0.16378427
572,0.9879600000000001,0.001736295,0.0,0.1696505
573,0.9906355,0.0013527449999999998,0.0,0.17672817
574,0.993311,0.0009678689999999999,0.0,0.18203148
575,0.9959865,0.0005816595,0.0,0.19285502
576,0.9986619999999999,0.0001941105,0.0,0.19176268
577,0.201338,-0.0574492,0.0,-0.38471067
578,0.20401350000000001,-0.0575982,0.0,-0.38361763
579,0.20668899999999998,-0.057741999999999995,0.0,-0.38249625
580,0.2093645,-0.0578807,0.0,-0.38126124
581,0.21204,-0.05801435,0.0,-0.38013155
582,0.214716,-0.058143,0.0,-0.37887674
583,0.21739150000000002,-0.05826675,0.0,-0.377634
584,0.22006699999999998,-0.05838565,0.0,-0.37641939
585,0.2227425,-0.058499800000000005,0.0,-0.37511347
586,0.225418,-0.058609299999999996,0.0,-0.37389758
587,0.2280935,-0.05871415,0.0,-0.37258205
588,0.230769,-0.058814450000000004,0.0,-0.371316
589,0.23344499999999999,-0.0589103,0.0,-0.37001114
590,0.2361205,-0.0590017,0.0,-0.36868198
591,0.23879599999999998,-0.0590887,0.0,-0.36740539
592,0.2414715,-0.0591714,0.0,-0.36600315
593,0.244147,-0.0592499,0.0,-0.3647167
594,0.246823,-0.0593242,0.0,-0.36335465
595,0.2494985,-0.0593943,0.0,-0.36197714
596,0.252174,-0.05946035,0.0,-0.36060744
597,0.2548495,-0.0595224,0.0,-0.35923174
598,0.257525,-0.05958045,0.0,-0.3578767
599,0.2602005,-0.05963455,0.0,-0.35644812
600,0.262876,-0.05968475,0.0,-0.35507222
601,0.265552,-0.05973115,0.0,-0.35363923
602,0.2682275,-0.059773799999999995,0.0,-0.35223539
603,0.270903,-0.0598127,0.0,-0.3508286
604,0.2735785,-0.059847899999999996,0.0,-0.34939699
605,0.276254,-0.0598795,0.0,-0.3479743
606,0.27893,-0.05990745,0.0,-0.34653612
607,0.2816055,-0.05993185,0.0,-0.34508725
608,0.284281,-0.05995275,0.0,-0.34364323
609,0.2869565,-0.05997015,0.0,-0.34217783
610,0.289632,-0.05998415,0.0,-0.34072419
611,0.2923075,-0.059994750000000006,0.0,-0.33926766
612,0.294983,-0.060002,0.0,-0.33779716
613,0.297659,-0.0600059,0.0,-0.33632472
614,0.3003345,-0.06000655,0.0,-0.33484972
615,0.30301,-0.060004,0.0,-0.33337012
616,0.3056855,-0.0599982,0.0,-0.33191048
617,0.308361,-0.05998925,0.0,-0.33041235
618,0.311037,-0.05997715,0.0,-0.32892364
619,0.3137125,-0.05996195,0.0,-0.32744318
620,0.316388,-0.0599437,0.0,-0.32591973
621,0.3190635,-0.05992245,0.0,-0.32444825
622,0.321739,-0.059898200000000006,0.0,-0.32293993
623,0.324415,-0.059870950000000006,0.0,-0.32143622
624,0.3270905,-0.0598408,0.0,-0.31993482
625,0.329766,-0.05980775,0.0,-0.31842218
626,0.3324415,-0.0597718,0.0,-0.31691772
627,0.335117,-0.05973300000000001,0.0,-0.31539542
628,0.3377925,-0.05969145,0.0,-0.31388556
629,0.340468,-0.05964710000000001,0.0,-0.31236657
630,0.343144,-0.0596,0.0,-0.31085972
631,0.3458195,-0.0595502,0.0,-0.30934788
632,0.348495,-0.05949765,0.0,-0.30782802
633,0.3511705,-0.05944245,0.0,-0.30630174
634,0.353846,-0.05938465,0.0,-0.30477375
635,0.356522,-0.05932425,0.0,-0.30327343
636,0.3591975,-0.05926125,0.0,-0.3017652
637,0.361873,-0.05919565,0.0,-0.30021206
638,0.3645485,-0.0591275,0.0,-0.29870175
639,0.367224,-0.059056899999999996,0.0,-0.29714071
640,0.3698995,-0.0589838,0.0,-0.29565036
641,0.372575,-0.05890825,0.0,-0.2940942
642,0.375251,-0.0588303,0.0,-0.29259042
643,0.3779265,-0.058749850000000006,0.0,-0.29107196
644,0.380602,-0.05866705,0.0,-0.28950296
645,0.3832775,-0.0585819,0.0,-0.28801236
646,0.385953,-0.0584944,0.0,-0.28644
647,0.388629,-0.0584046,0.0,-0.28493668
648,0.3913045,-0.0583125,0.0,-0.28342348
649,0.39398,-0.058218149999999996,0.0,-0.2818718
650,0.3966555,-0.0581215,0.0,-0.28036782
651,0.399331,-0.058022649999999995,0.0,-0.27882606
652,0.4020065,-0.0579216,0.0,-0.27731528
653,0.404682,-0.0578183,0.0,-0.27577247
654,0.407358,-0.05771285,0.0,-0.27423748
655,0.4100335,-0.0576053,0.0,-0.27274008
656,0.412709,-0.057495599999999994,0.0,-0.27117736
657,0.4153845,-0.0573838,0.0,-0.26968974
658,0.41806,-0.0572699,0.0,-0.26812812
659,0.420736,-0.057153899999999994,0.0,-0.26662053
660,0.4234115,-0.0570359,0.0,-0.26510671
661,0.426087,-0.056915850000000004,0.0,-0.26355123
662,0.4287625,-0.056793750000000004,0.0,-0.26206039
663,0.431438,-0.0566697,0.0,-0.26050447
664,0.434114,-0.05654365,0.0,-0.25900549
665,0.4367895,-0.05641565,0.0,-0.25748886
666,0.439465,-0.056285699999999994,0.0,-0.25594627
667,0.4421405,-0.056153800000000004,0.0,-0.25444793
668,0.444816,-0.05602005,0.0,-0.2528991
669,0.4474915,-0.0558844,0.0,-0.25143085
670,0.450167,-0.05574685,0.0,-0.24988634
671,0.452843,-0.0556074,0.0,-0.24837409
672,0.4555185,-0.05546615,0.0,-0.2468807
673,0.458194,-0.0553231,0.0,-0.24534381
674,0.4608695,-0.0551782,0.0,-0.24386285
675,0.463545,-0.0550315,0.0,-0.24231669
676,0.466221,-0.054883,0.0,-0.24082525
677,0.4688965,-0.05473275,0.0,-0.23932696
678,0.471572,-0.054580750000000004,0.0,-0.23777981
679,0.4742475,-0.054427,0.0,-0.23630705
680,0.476923,-0.05427155,0.0,-0.23475467
681,0.4795985,-0.05411440000000001,0.0,-0.2332958
682,0.482274,-0.05395555,0.0,-0.23175271
683,0.48495,-0.053794999999999996,0.0,-0.2302702
684,0.4876255,-0.0536328,0.0,-0.22877497
685,0.490301,-0.05346895,0.0,-0.22725431
686,0.4929765,-0.05330345,0.0,-0.22577886
687,0.495652,-0.05313635,0.0,-0.22424988
688,0.498328,-0.052967600000000004,0.0,-0.22277225
689,0.5010035,-0.05279725,0.0,-0.22129812
690,0.503679,-0.0526253,0.0,-0.21975647
691,0.5063545,-0.05245174999999999,0.0,-0.21828552
692,0.5090300000000001,-0.0522767,0.0,-0.21676548
693,0.5117055,-0.052100099999999996,0.0,-0.21531298
694,0.514381,-0.05192195,0.0,-0.21379307
695,0.517057,-0.05174225,0.0,-0.21231655
696,0.5197325,-0.05156100000000001,0.0,-0.21084998
697,0.522408,-0.0513783,0.0,-0.20930999
698,0.5250835,-0.0511941,0.0,-0.20787171
699,0.5277590000000001,-0.051008399999999995,0.0,-0.20634698
700,0.530435,-0.050821250000000005,0.0,-0.20487247
701,0.5331105,-0.0506326,0.0,-0.20342426
702,0.535786,-0.0504425,0.0,-0.20187479
703,0.5384615,-0.050251000000000004,0.0,-0.20044404
704,0.541137,-0.05005804999999999,0.0,-0.19891208
705,0.5438130000000001,-0.04986365,0.0,-0.19744976
706,0.5464885,-0.0496679,0.0,-0.19599362
707,0.549164,-0.04947075,0.0,-0.19446956
708,0.5518395,-0.04927215,0.0,-0.19304197
709,0.554515,-0.049072199999999996,0.0,-0.19150179
710,0.5571905,-0.0488709,0.0,-0.19007126
711,0.559866,-0.048668199999999995,0.0,-0.18856109
712,0.5625420000000001,-0.048464150000000004,0.0,-0.18709396
713,0.5652175,-0.04825875,0.0,-0.1856401
714,0.567893,-0.048052,0.0,-0.18410369
715,0.5705685,-0.047843949999999996,0.0,-0.18267969
716,0.573244,-0.0476346,0.0,-0.18116108
717,0.57592,-0.04742395,0.0,-0.17971003
718,0.5785955,-0.047211949999999996,0.0,-0.17826198
719,0.5812710000000001,-0.04699865,0.0,-0.17672029
720,0.5839465,-0.0467841,0.0,-0.17530857
721,0.586622,-0.0465683,0.0,-0.17377851
722,0.5892975,-0.046351199999999995,0.0,-0.17235936
723,0.591973,-0.0461328,0.0,-0.17082577
724,0.594649,-0.0459132,0.0,-0.16938237
725,0.5973245,-0.04569235,0.0,-0.16792658
726,0.6000000000000001,-0.045470250000000004,0.0,-0.16640114
727,0.6026755,-0.0452469,0.0,-0.16497327
728,0.605351,-0.04502235,0.0,-0.16344871
729,0.608027,-0.04479659999999999,0.0,-0.16200024
730,0.6107025,-0.044569599999999994,0.0,-0.16054451
731,0.613378,-0.0443414,0.0,-0.15901606
732,0.6160535,-0.044112000000000005,0.0,-0.15758812
733,0.6187290000000001,-0.0438814,0.0,-0.15605364
734,0.6214045,-0.0436496,0.0,-0.15461934
735,0.62408,-0.04341665,0.0,-0.15309244
736,0.626756,-0.0431825,0.0,-0.15163052
737,0.6294315,-0.042947200000000005,0.0,-0.15017161
738,0.632107,-0.04271075,0.0,-0.14863563
739,0.6347825,-0.0424731,0.0,-0.14719796
740,0.6374580000000001,-0.042234350000000004,0.0,-0.14566501
741,0.640134,-0.041994449999999996,0.0,-0.14419525
742,0.6428095,-0.041753399999999996,0.0,-0.14274052
743,0.645485,-0.0415112,0.0,-0.14119805
744,0.6481605,-0.041267849999999995,0.0,-0.13974748
745,0.650836,-0.041023399999999995,0.0,-0.13819602
746,0.6535115,-0.04077785,0.0,-0.13675958
747,0.6561870000000001,-0.04053115,0.0,-0.13521224
748,0.658863,-0.04028335,0.0,-0.13373967
749,0.6615385,-0.04003445,0.0,-0.13225204
750,0.664214,-0.0397844,0.0,-0.13070452
751,0.6668895,-0.0395333,0.0,-0.12923721
752,0.669565,-0.0392811,0.0,-0.12768364
753,0.6722410000000001,-0.0390278,0.0,-0.12619481
754,0.6749165,-0.03877345,0.0,-0.12470443
755,0.677592,-0.038518000000000004,0.0,-0.12314382
756,0.6802675,-0.03826145,0.0,-0.12166963
757,0.682943,-0.0380038,0.0,-0.12008949
758,0.6856190000000001,-0.0377451,0.0,-0.11858769
759,0.6882945,-0.03748535,0.0,-0.11708708
760,0.6909700000000001,-0.0372245,0.0,-0.11548396
761,0.6936455,-0.0369626,0.0,-0.11400796
762,0.696321,-0.03669965,0.0,-0.11240358
763,0.6989965,-0.03643565,0.0,-0.11090989
764,0.701672,-0.036170600000000004,0.0,-0.10930561
765,0.704348,-0.035904500000000006,0.0,-0.10778581
766,0.7070235,-0.03563735,0.0,-0.10624818
767,0.7096990000000001,-0.03536915,0.0,-0.10462405
768,0.7123745,-0.035099899999999996,0.0,-0.10311629
769,0.71505,-0.0348296,0.0,-0.10148331
770,0.717726,-0.0345583,0.0,-0.099927956
771,0.7204015,-0.034285949999999996,0.0,-0.098376364
772,0.7230770000000001,-0.03401255,0.0,-0.096726364
773,0.7257525,-0.0337381,0.0,-0.095181929
774,0.7284280000000001,-0.03346265,0.0,-0.093529476
775,0.7311035,-0.0331862,0.0,-0.091971431
776,0.733779,-0.032908650000000005,0.0,-0.09031224
777,0.736455,-0.0326301,0.0,-0.088713596
778,0.7391305,-0.032350550000000006,0.0,-0.087112909
779,0.741806,-0.03206995,0.0,-0.085426558
780,0.7444815,-0.03178835,0.0,-0.083843125
781,0.7471570000000001,-0.031505700000000005,0.0,-0.082136813
782,0.749833,-0.031222,0.0,-0.080513966
783,0.7525085,-0.03093735,0.0,-0.078864248
784,0.755184,-0.030651650000000003,0.0,-0.077151445
785,0.7578595,-0.0303649,0.0,-0.07551282
786,0.7605350000000001,-0.030077200000000002,0.0,-0.073775505
787,0.7632105,-0.02978845,0.0,-0.072128919
788,0.7658860000000001,-0.02949865,0.0,-0.070368283
789,0.768562,-0.02920785,0.0,-0.068676524
790,0.7712375,-0.028916050000000002,0.0,-0.06697114
791,0.773913,-0.028623250000000003,0.0,-0.065184722
792,0.7765885,-0.02832945,0.0,-0.063495569
793,0.779264,-0.0280346,0.0,-0.061682568
794,0.7819400000000001,-0.0277387,0.0,-0.059948428
795,0.7846155,-0.0274418,0.0,-0.0581755
796,0.787291,-0.0271439,0.0,-0.056335792
797,0.7899665,-0.026845,0.0,-0.054591933
798,0.792642,-0.02654505,0.0,-0.052718788
799,0.7953180000000001,-0.0262441,0.0,-0.05091451
800,0.7979935,-0.025942149999999997,0.0,-0.049102644
801,0.8006690000000001,-0.02563915,0.0,-0.047197231
802,0.8033445,-0.025335100000000003,0.0,-0.045376754
803,0.80602,-0.02503005,0.0,-0.043426775
804,0.8086955,-0.024724000000000003,0.0,-0.04159422
805,0.811371,-0.0244169,0.0,-0.039621177
806,0.814047,-0.02410875,0.0,-0.03772268
807,0.8167225,-0.023799550000000003,0.0,-0.035793762
808,0.8193980000000001,-0.02348935,0.0,-0.033772684
809,0.8220735,-0.023178149999999998,0.0,-0.031853416
810,0.824749,-0.0228659,0.0,-0.029806283
811,0.827425,-0.022552600000000003,0.0,-0.027814306
812,0.8301005,-0.0222383,0.0,-0.025810487
813,0.8327760000000001,-0.021922950000000004,0.0,-0.023701198
814,0.8354515,-0.02160655,0.0,-0.021697511
815,0.8381270000000001,-0.021289100000000002,0.0,-0.019537674
816,0.8408025,-0.0209706,0.0,-0.01747754
817,0.843478,-0.020651049999999997,0.0,-0.015288634
818,0.846154,-0.02033045,0.0,-0.013158796
819,0.8488295,-0.0200088,0.0,-0.010996337
820,0.851505,-0.019686099999999998,0.0,-0.0087405244
821,0.8541805,-0.01936235,0.0,-0.0065626086
822,0.8568560000000001,-0.0190375,0.0,-0.0042554638
823,0.859532,-0.018711600000000002,0.0,-0.0019875629
824,0.8622075,-0.01838465,0.0,0.0002895498
825,0.864883,-0.01805665,0.0,0.0026821364
826,0.8675585,-0.01772755,0.0,0.0049934148
827,0.8702340000000001,-0.01739735,0.0,0.0074488252
828,0.8729095,-0.0170661,0.0,0.0098257298
829,0.8755850000000001,-0.01673375,0.0,0.012335533
830,0.878261,-0.0164003,0.0,0.014810892
831,0.8809365,-0.0160658,0.0,0.017307652
832,0.883612,-0.0157302,0.0,0.019926558
833,0.8862875,-0.01539345,0.0,0.022467491
834,0.888963,-0.0150556,0.0,0.025169332
835,0.8916390000000001,-0.01471665,0.0,0.027816543
836,0.8943145,-0.0143766,0.0,0.030513528
837,0.89699,-0.01403545,0.0,0.033320618
838,0.8996655,-0.013693199999999999,0.0,0.036072601
839,0.902341,-0.013349800000000002,0.0,0.038963922
840,0.9050170000000001,-0.013005250000000001,0.0,0.041836694
841,0.9076925,-0.0126596,0.0,0.044751577
842,0.9103680000000001,-0.012312799999999999,0.0,0.047795495
843,0.9130435,-0.011964849999999999,0.0,0.050785878
844,0.915719,-0.011615750000000001,0.0,0.053941116
845,0.9183945,-0.0112655,0.0,0.057039208
846,0.9210699999999999,-0.0109141,0.0,0.060311189
847,0.923746,-0.01056155,0.0,0.063540805
848,0.9264215,-0.0102078,0.0,0.066876572
849,0.9290970000000001,-0.009852875,0.0,0.070309895
850,0.9317725,-0.009496810000000001,0.0,0.073740842
851,0.934448,-0.009139535,0.0,0.077321649
852,0.937124,-0.008781075,0.0,0.080915343
853,0.9397995,-0.008421419999999999,0.0,0.084586582
854,0.9424750000000001,-0.008060560000000001,0.0,0.088402399
855,0.9451505,-0.007698495000000001,0.0,0.092213618
856,0.9478260000000001,-0.00733522,0.0,0.096203218
857,0.9505015,-0.006970725,0.0,0.10019741
858,0.9531769999999999,-0.006605004999999999,0.0,0.10436663
859,0.955853,-0.006238055,0.0,0.10858148
860,0.9585285,-0.005869864999999999,0.0,0.11290018
861,0.961204,-0.005500435,0.0,0.11738979
862,0.9638795,-0.005129755,0.0,0.12191777
863,0.966555,-0.004757819999999999,0.0,0.1266441
864,0.969231,-0.0043846200000000005,0.0,0.13145255
865,0.9719065,-0.0040101500000000005,0.0,0.13639747
866,0.974582,-0.003634405,0.0,0.14155505
867,0.9772575,-0.003257375,0.0,0.14678892
868,0.979933,-0.00287906,0.0,0.15230818
869,0.9826085,-0.0024994450000000003,0.0,0.1578862
870,0.985284,-0.002118525,0.0,0.16391414
871,0.98796,-0.0017362950000000001,0.0,0.16977147
872,0.9906355,-0.001352745,0.0,0.17683982
873,0.9933109999999999,-0.000967869,0.0,0.18213357
874,0.9959865,-0.0005816595,0.0,0.19294285
875,0.9986619999999999,-0.0001941105,0.0,0.19185395
